year,urban_rural,pct
2005,Urban,16
2005,Rural,84
2006,Urban,16.2
2006,Rural,83.8
2007,Urban,16.1
2007,Rural,83.9
2008,Urban,16.8
2008,Rural,83.2
2009,Urban,17.2
2009,Rural,82.8
2010,Urban,17.5
2010,Rural,82.5
2011,Urban,17.9
2011,Rural,82.1
2012,Urban,18.2
2012,Rural,81.8
2013,Urban,18.6
2013,Rural,81.4
2014,Urban,19
2014,Rural,81
2015,Urban,19.5
2015,Rural,80.5
2016,Urban,19.9
2016,Rural,80.1
2017,Urban,20.3
2017,Rural,79.7
2018,Urban,20.8
2018,Rural,79.2
2019,Urban,21.2
2019,Rural,78.8
2020,Urban,21.6
2020,Rural,78.4
2021,Urban,22.1
2021,Rural,77.9
2022,Urban,22.7
2022,Rural,77.3
2023,Urban,23.1
2023,Rural,76.9
2024,Urban,23.6
2024,Rural,76.4
2025,Urban,24.2
2025,Rural,75.8
