level_label,band,n,prop
National,<75%,12,1
Regional,<75%,139,0.8273809523809523
Regional,75-100%,29,0.17261904761904762
Zonal,<75%,1572,0.8846370287000562
Zonal,75-100%,98,0.05514912774338773
Zonal,>100%,107,0.06021384355655599
Woreda,<75%,11448,0.899787785899552
Woreda,75-100%,846,0.06649375147370903
Woreda,>100%,429,0.03371846262673898
PHCU,<75%,16870,0.9226141646158053
PHCU,75-100%,776,0.042439157779600764
PHCU,>100%,639,0.03494667760459393
Facility,<75%,52242,0.46455915699613176
Facility,75-100%,44067,0.3918634120314793
Facility,>100%,16146,0.14357743097238895
