greg_date,metric,count
2018-01-01,Moderate,10025
2018-01-01,Severe,3647
2018-01-01,Overall,13672
2018-02-01,Moderate,11725
2018-02-01,Severe,6871
2018-02-01,Overall,18596
2018-03-01,Moderate,13418
2018-03-01,Severe,5982
2018-03-01,Overall,19400
2018-04-01,Moderate,11372
2018-04-01,Severe,4372
2018-04-01,Overall,15744
2018-05-01,Moderate,18446
2018-05-01,Severe,3029
2018-05-01,Overall,21475
2018-06-01,Moderate,13255
2018-06-01,Severe,4969
2018-06-01,Overall,18224
2018-07-01,Moderate,12359
2018-07-01,Severe,3279
2018-07-01,Overall,15638
2018-08-01,Moderate,12479
2018-08-01,Severe,2291
2018-08-01,Overall,14770
2018-09-01,Moderate,11196
2018-09-01,Severe,3136
2018-09-01,Overall,14332
2018-10-01,Moderate,10913
2018-10-01,Severe,2632
2018-10-01,Overall,13545
2018-11-01,Moderate,12691
2018-11-01,Severe,3408
2018-11-01,Overall,16099
2018-12-01,Moderate,8053
2018-12-01,Severe,3634
2018-12-01,Overall,11687
2019-01-01,Moderate,9794
2019-01-01,Severe,1777
2019-01-01,Overall,11571
2019-02-01,Moderate,11606
2019-02-01,Severe,2046
2019-02-01,Overall,13652
2019-03-01,Moderate,8714
2019-03-01,Severe,1489
2019-03-01,Overall,10203
2019-04-01,Moderate,8618
2019-04-01,Severe,1729
2019-04-01,Overall,10347
2019-05-01,Moderate,12859
2019-05-01,Severe,2398
2019-05-01,Overall,15257
2019-06-01,Moderate,9400
2019-06-01,Severe,1942
2019-06-01,Overall,11342
2019-07-01,Moderate,9038
2019-07-01,Severe,2400
2019-07-01,Overall,11438
2019-08-01,Moderate,11231
2019-08-01,Severe,1425
2019-08-01,Overall,12656
2019-09-01,Moderate,10038
2019-09-01,Severe,1859
2019-09-01,Overall,11897
2019-10-01,Moderate,8234
2019-10-01,Severe,2235
2019-10-01,Overall,10469
2019-11-01,Moderate,12520
2019-11-01,Severe,1705
2019-11-01,Overall,14225
2019-12-01,Moderate,9644
2019-12-01,Severe,2107
2019-12-01,Overall,11751
2020-01-01,Moderate,11321
2020-01-01,Severe,2047
2020-01-01,Overall,13368
2020-02-01,Moderate,11238
2020-02-01,Severe,2066
2020-02-01,Overall,13304
2020-03-01,Moderate,10227
2020-03-01,Severe,3097
2020-03-01,Overall,13324
2020-04-01,Moderate,13484
2020-04-01,Severe,1159
2020-04-01,Overall,14643
2020-05-01,Moderate,10311
2020-05-01,Severe,1471
2020-05-01,Overall,11782
2020-06-01,Moderate,8362
2020-06-01,Severe,2628
2020-06-01,Overall,10990
2020-07-01,Moderate,8516
2020-07-01,Severe,1711
2020-07-01,Overall,10227
2020-08-01,Moderate,8390
2020-08-01,Severe,1316
2020-08-01,Overall,9706
2020-09-01,Moderate,11446
2020-09-01,Severe,2083
2020-09-01,Overall,13529
2020-10-01,Moderate,10878
2020-10-01,Severe,1656
2020-10-01,Overall,12534
2020-11-01,Moderate,8868
2020-11-01,Severe,1313
2020-11-01,Overall,10181
2020-12-01,Moderate,8210
2020-12-01,Severe,1590
2020-12-01,Overall,9800
2021-01-01,Moderate,6735
2021-01-01,Severe,1298
2021-01-01,Overall,8033
2021-02-01,Moderate,6194
2021-02-01,Severe,1477
2021-02-01,Overall,7671
2021-03-01,Moderate,12510
2021-03-01,Severe,1321
2021-03-01,Overall,13831
2021-04-01,Moderate,6873
2021-04-01,Severe,1452
2021-04-01,Overall,8325
2021-05-01,Moderate,12894
2021-05-01,Severe,1862
2021-05-01,Overall,14756
2021-06-01,Moderate,9118
2021-06-01,Severe,1478
2021-06-01,Overall,10596
2021-07-01,Moderate,11012
2021-07-01,Severe,1169
2021-07-01,Overall,12181
2021-08-01,Moderate,7845
2021-08-01,Severe,1431
2021-08-01,Overall,9276
2021-09-01,Moderate,7680
2021-09-01,Severe,1821
2021-09-01,Overall,9501
2021-10-01,Moderate,8939
2021-10-01,Severe,1236
2021-10-01,Overall,10175
2021-11-01,Moderate,8465
2021-11-01,Severe,1487
2021-11-01,Overall,9952
2021-12-01,Moderate,8753
2021-12-01,Severe,1716
2021-12-01,Overall,10469
2022-01-01,Moderate,7684
2022-01-01,Severe,1404
2022-01-01,Overall,9088
2022-02-01,Moderate,8699
2022-02-01,Severe,1683
2022-02-01,Overall,10382
2022-03-01,Moderate,9265
2022-03-01,Severe,1705
2022-03-01,Overall,10970
2022-04-01,Moderate,8087
2022-04-01,Severe,1985
2022-04-01,Overall,10072
2022-05-01,Moderate,8413
2022-05-01,Severe,1944
2022-05-01,Overall,10357
2022-06-01,Moderate,9480
2022-06-01,Severe,1708
2022-06-01,Overall,11188
2022-07-01,Moderate,63
2022-07-01,Severe,123
2022-07-01,Overall,186
2022-08-01,Moderate,1
2022-08-01,Severe,12
2022-08-01,Overall,13
2022-09-01,Moderate,14
2022-09-01,Severe,6
2022-09-01,Overall,20
2022-10-01,Moderate,10
2022-10-01,Severe,10
2022-10-01,Overall,20
2022-11-01,Moderate,10
2022-11-01,Severe,6
2022-11-01,Overall,16
2023-04-01,Moderate,298
2023-04-01,Severe,0
2023-04-01,Overall,298
2023-05-01,Moderate,18
2023-05-01,Severe,2
2023-05-01,Overall,20
2023-06-01,Moderate,0
2023-06-01,Severe,0
2023-06-01,Overall,0
