adm2_name,adm2_pcode,gregorian_year,total_value
North Western,ET0101,2018,581.6220930232558
North Western,ET0101,2019,598.4464285714286
North Western,ET0101,2020,583.9606299212599
North Western,ET0101,2021,NA
North Western,ET0101,2022,NA
North Western,ET0101,2023,53.6875
North Western,ET0101,2024,169.67045454545453
North Western,ET0101,2025,265.4519230769231
Central,ET0102,2018,439.296568627451
Central,ET0102,2019,460.81366459627327
Central,ET0102,2020,450.2887788778878
Central,ET0102,2021,NA
Central,ET0102,2022,1
Central,ET0102,2023,44.833333333333336
Central,ET0102,2024,214.44303797468353
Central,ET0102,2025,231.29206730769232
Eastern,ET0103,2018,506.6106557377049
Eastern,ET0103,2019,488.33870967741933
Eastern,ET0103,2020,464.3121693121693
Eastern,ET0103,2021,NA
Eastern,ET0103,2022,NA
Eastern,ET0103,2023,227.80769230769232
Eastern,ET0103,2024,232.26960784313727
Eastern,ET0103,2025,313.0206611570248
Southern,ET0104,2018,NA
Southern,ET0104,2019,NA
Southern,ET0104,2020,NA
Southern,ET0104,2021,NA
Southern,ET0104,2022,NA
Southern,ET0104,2023,NA
Southern,ET0104,2024,NA
Southern,ET0104,2025,NA
South Eastern,ET0106,2018,397.746835443038
South Eastern,ET0106,2019,479.4791666666667
South Eastern,ET0106,2020,477.43055555555554
South Eastern,ET0106,2021,NA
South Eastern,ET0106,2022,NA
South Eastern,ET0106,2023,560.75
South Eastern,ET0106,2024,199.75652173913045
South Eastern,ET0106,2025,226.4813559322034
Mekelle,ET0107,2018,684.0416666666666
Mekelle,ET0107,2019,720.6976744186046
Mekelle,ET0107,2020,907.2222222222222
Mekelle,ET0107,2021,NA
Mekelle,ET0107,2022,NA
Mekelle,ET0107,2023,NA
Mekelle,ET0107,2024,504.15714285714284
Mekelle,ET0107,2025,592.7977528089888
Awsi /Zone 1,ET0201,2018,16.301837270341206
Awsi /Zone 1,ET0201,2019,17.9475
Awsi /Zone 1,ET0201,2020,22.032558139534885
Awsi /Zone 1,ET0201,2021,14.759067357512953
Awsi /Zone 1,ET0201,2022,50.24178403755869
Awsi /Zone 1,ET0201,2023,22.79398148148148
Awsi /Zone 1,ET0201,2024,48.34953703703704
Awsi /Zone 1,ET0201,2025,110.13657407407408
Kilbati /Zone 2,ET0202,2018,8.335570469798657
Kilbati /Zone 2,ET0202,2019,6.1894409937888195
Kilbati /Zone 2,ET0202,2020,13.803030303030303
Kilbati /Zone 2,ET0202,2021,15.329113924050633
Kilbati /Zone 2,ET0202,2022,3.1160714285714284
Kilbati /Zone 2,ET0202,2023,10.141447368421053
Kilbati /Zone 2,ET0202,2024,16.670391061452513
Kilbati /Zone 2,ET0202,2025,79.92178770949721
Gabi /Zone 3,ET0203,2018,26.30859375
Gabi /Zone 3,ET0203,2019,20.288194444444443
Gabi /Zone 3,ET0203,2020,25.739583333333332
Gabi /Zone 3,ET0203,2021,25.239583333333332
Gabi /Zone 3,ET0203,2022,27.345637583892618
Gabi /Zone 3,ET0203,2023,32.44193548387097
Gabi /Zone 3,ET0203,2024,33.670967741935485
Gabi /Zone 3,ET0203,2025,48.57051282051282
Fanti /Zone 4,ET0204,2018,25.4609375
Fanti /Zone 4,ET0204,2019,37.23571428571429
Fanti /Zone 4,ET0204,2020,46.708333333333336
Fanti /Zone 4,ET0204,2021,32.825581395348834
Fanti /Zone 4,ET0204,2022,17.349206349206348
Fanti /Zone 4,ET0204,2023,19.2
Fanti /Zone 4,ET0204,2024,35.361111111111114
Fanti /Zone 4,ET0204,2025,87.38888888888889
Hari /Zone 5,ET0205,2018,3.164383561643836
Hari /Zone 5,ET0205,2019,1.5535714285714286
Hari /Zone 5,ET0205,2020,10.633540372670808
Hari /Zone 5,ET0205,2021,16.24375
Hari /Zone 5,ET0205,2022,26.50609756097561
Hari /Zone 5,ET0205,2023,22.577380952380953
Hari /Zone 5,ET0205,2024,47.99404761904762
Hari /Zone 5,ET0205,2025,52.125
Mahi /Zone 6,ET0206,2018,2.090909090909091
Mahi /Zone 6,ET0206,2019,1
Mahi /Zone 6,ET0206,2020,0.5238095238095238
Mahi /Zone 6,ET0206,2021,2.5434782608695654
Mahi /Zone 6,ET0206,2022,0
Mahi /Zone 6,ET0206,2023,3.5
Mahi /Zone 6,ET0206,2024,22.066666666666666
Mahi /Zone 6,ET0206,2025,32.041666666666664
North Gondar,ET0301,2018,510.3884892086331
North Gondar,ET0301,2019,688.4364820846905
North Gondar,ET0301,2020,707.852233676976
North Gondar,ET0301,2021,726.5522388059702
North Gondar,ET0301,2022,815.3191489361702
North Gondar,ET0301,2023,777.7307692307693
North Gondar,ET0301,2024,854.7258064516129
North Gondar,ET0301,2025,842.4965986394558
South Gondar,ET0302,2018,927.7467741935484
South Gondar,ET0302,2019,835.4375
South Gondar,ET0302,2020,893.1646655231561
South Gondar,ET0302,2021,791.2831858407079
South Gondar,ET0302,2022,1002.1122019635344
South Gondar,ET0302,2023,1160.2660167130919
South Gondar,ET0302,2024,1054.458217270195
South Gondar,ET0302,2025,1545.3226703755215
North Wello,ET0303,2018,786.9435665914222
North Wello,ET0303,2019,747.8278529980657
North Wello,ET0303,2020,837.2185039370079
North Wello,ET0303,2021,788.6302250803858
North Wello,ET0303,2022,740.9842209072979
North Wello,ET0303,2023,895.7840909090909
North Wello,ET0303,2024,1024.1420454545455
North Wello,ET0303,2025,1326.248106060606
South Wello,ET0304,2018,120.58722358722359
South Wello,ET0304,2019,159.7713717693837
South Wello,ET0304,2020,188.7840172786177
South Wello,ET0304,2021,203.88995215311004
South Wello,ET0304,2022,208.48744769874477
South Wello,ET0304,2023,247.46247464503043
South Wello,ET0304,2024,422.57894736842104
South Wello,ET0304,2025,587.1045364891519
North Shewa (AM),ET0305,2018,201.6045627376426
North Shewa (AM),ET0305,2019,174.92672413793105
North Shewa (AM),ET0305,2020,203.2174913693901
North Shewa (AM),ET0305,2021,225.83351831298557
North Shewa (AM),ET0305,2022,276.1786120591581
North Shewa (AM),ET0305,2023,303.11764705882354
North Shewa (AM),ET0305,2024,374.14179104477614
North Shewa (AM),ET0305,2025,520.2487373737374
East Gojam,ET0306,2018,642.2528977871443
East Gojam,ET0306,2019,634.143347639485
East Gojam,ET0306,2020,649.7432675044884
East Gojam,ET0306,2021,658.5302245250432
East Gojam,ET0306,2022,767.6156462585034
East Gojam,ET0306,2023,618.3981164383562
East Gojam,ET0306,2024,665.2734241908007
East Gojam,ET0306,2025,1292.4591836734694
West Gojam,ET0307,2018,645.6164079822616
West Gojam,ET0307,2019,648.5817805383023
West Gojam,ET0307,2020,670.7139737991266
West Gojam,ET0307,2021,717.8796680497925
West Gojam,ET0307,2022,850.2171314741036
West Gojam,ET0307,2023,657.6369047619048
West Gojam,ET0307,2024,562.3493013972056
West Gojam,ET0307,2025,1365.737574552684
Wag Hamra,ET0308,2018,663.6768292682926
Wag Hamra,ET0308,2019,827.9170124481328
Wag Hamra,ET0308,2020,1112.1344086021506
Wag Hamra,ET0308,2021,812.8129496402878
Wag Hamra,ET0308,2022,751.7846889952153
Wag Hamra,ET0308,2023,842.298755186722
Wag Hamra,ET0308,2024,885.7575757575758
Wag Hamra,ET0308,2025,1087.371212121212
Awi,ET0309,2018,459.4595660749507
Awi,ET0309,2019,544.3408239700375
Awi,ET0309,2020,624.7159090909091
Awi,ET0309,2021,706.7102272727273
Awi,ET0309,2022,771.1931818181819
Awi,ET0309,2023,699.319391634981
Awi,ET0309,2024,641.0909090909091
Awi,ET0309,2025,956.3655303030303
Oromo Nationality Administration,ET0310,2018,186.64285714285714
Oromo Nationality Administration,ET0310,2019,250.8978494623656
Oromo Nationality Administration,ET0310,2020,245.05333333333334
Oromo Nationality Administration,ET0310,2021,293.31972789115645
Oromo Nationality Administration,ET0310,2022,378.3333333333333
Oromo Nationality Administration,ET0310,2023,369.9270833333333
Oromo Nationality Administration,ET0310,2024,440.3802083333333
Oromo Nationality Administration,ET0310,2025,625.4114583333334
Central Gondar,ET0311,2018,556.4685230024213
Central Gondar,ET0311,2019,479.42857142857144
Central Gondar,ET0311,2020,576.2345078979343
Central Gondar,ET0311,2021,578.7122538293216
Central Gondar,ET0311,2022,605.5917721518987
Central Gondar,ET0311,2023,632.63179916318
Central Gondar,ET0311,2024,555.0784518828452
Central Gondar,ET0311,2025,789.3893528183717
West Gondar,ET0312,2018,270.53846153846155
West Gondar,ET0312,2019,173.28735632183907
West Gondar,ET0312,2020,317.22727272727275
West Gondar,ET0312,2021,169.38020833333334
West Gondar,ET0312,2022,236.8087431693989
West Gondar,ET0312,2023,422.19101123595505
West Gondar,ET0312,2024,552.4725274725274
West Gondar,ET0312,2025,714.984375
North Gojam,ET0313,2018,794.9586776859504
North Gojam,ET0313,2019,614.3958333333334
North Gojam,ET0313,2020,723.7430555555555
North Gojam,ET0313,2021,901.0243055555555
North Gojam,ET0313,2022,1009.3333333333334
North Gojam,ET0313,2023,876.21875
North Gojam,ET0313,2024,853.8229166666666
North Gojam,ET0313,2025,1778.376306620209
Bahir Dar town Admin,ET0314,2018,316.6115942028986
Bahir Dar town Admin,ET0314,2019,301.66163141993957
Bahir Dar town Admin,ET0314,2020,345.8904109589041
Bahir Dar town Admin,ET0314,2021,333.4457478005865
Bahir Dar town Admin,ET0314,2022,364.2225519287834
Bahir Dar town Admin,ET0314,2023,386.8053892215569
Bahir Dar town Admin,ET0314,2024,462.2542857142857
Bahir Dar town Admin,ET0314,2025,648.8687150837989
West Wellega,ET0401,2018,338.1986301369863
West Wellega,ET0401,2019,305.09324758842445
West Wellega,ET0401,2020,409.52777777777777
West Wellega,ET0401,2021,425.8557046979866
West Wellega,ET0401,2022,369.3688212927757
West Wellega,ET0401,2023,312.3240740740741
West Wellega,ET0401,2024,287.22058823529414
West Wellega,ET0401,2025,432.8779761904762
East Wellega,ET0402,2018,79.1741935483871
East Wellega,ET0402,2019,136.17948717948718
East Wellega,ET0402,2020,201.19526627218934
East Wellega,ET0402,2021,246.455223880597
East Wellega,ET0402,2022,109.7063492063492
East Wellega,ET0402,2023,141.77777777777777
East Wellega,ET0402,2024,217.77215189873417
East Wellega,ET0402,2025,330.48214285714283
Ilu Aba Bora,ET0403,2018,72.94776119402985
Ilu Aba Bora,ET0403,2019,135.71428571428572
Ilu Aba Bora,ET0403,2020,147.34965034965035
Ilu Aba Bora,ET0403,2021,388.6040268456376
Ilu Aba Bora,ET0403,2022,458.1645569620253
Ilu Aba Bora,ET0403,2023,386.03614457831327
Ilu Aba Bora,ET0403,2024,438.6666666666667
Ilu Aba Bora,ET0403,2025,409.01604278074865
Jimma,ET0404,2018,129.4923076923077
Jimma,ET0404,2019,161.72375690607734
Jimma,ET0404,2020,175.63545150501673
Jimma,ET0404,2021,290.73214285714283
Jimma,ET0404,2022,373.0412087912088
Jimma,ET0404,2023,426.69747899159665
Jimma,ET0404,2024,443.6090425531915
Jimma,ET0404,2025,331.1650246305419
West Shewa,ET0405,2018,276.44117647058823
West Shewa,ET0405,2019,375.91308793456034
West Shewa,ET0405,2020,699.6781115879828
West Shewa,ET0405,2021,877.4232804232804
West Shewa,ET0405,2022,731.1010204081633
West Shewa,ET0405,2023,1199.3506097560976
West Shewa,ET0405,2024,1413.7857142857142
West Shewa,ET0405,2025,1600.2753326509724
North Shewa (OR),ET0406,2018,106.11602209944752
North Shewa (OR),ET0406,2019,111.59803921568627
North Shewa (OR),ET0406,2020,185.66336633663366
North Shewa (OR),ET0406,2021,295.67171717171715
North Shewa (OR),ET0406,2022,322.89473684210526
North Shewa (OR),ET0406,2023,310.6822916666667
North Shewa (OR),ET0406,2024,337.7864583333333
North Shewa (OR),ET0406,2025,437.14285714285717
East Shewa,ET0407,2018,411.24226254002133
East Shewa,ET0407,2019,429.78564683663836
East Shewa,ET0407,2020,423.33595284872297
East Shewa,ET0407,2021,522.8635897435897
East Shewa,ET0407,2022,578.5518962075848
East Shewa,ET0407,2023,674.69836400818
East Shewa,ET0407,2024,722.922
East Shewa,ET0407,2025,902.537342386033
Arsi,ET0408,2018,99.86643835616438
Arsi,ET0408,2019,134.03030303030303
Arsi,ET0408,2020,205.06748466257667
Arsi,ET0408,2021,323.53823529411767
Arsi,ET0408,2022,303.6029411764706
Arsi,ET0408,2023,357.67261904761904
Arsi,ET0408,2024,398.4393063583815
Arsi,ET0408,2025,540.5977011494252
West Hararge,ET0409,2018,1145.997584541063
West Hararge,ET0409,2019,1304.5006289308176
West Hararge,ET0409,2020,1470.163870967742
West Hararge,ET0409,2021,1614.3896103896104
West Hararge,ET0409,2022,1559.334167709637
West Hararge,ET0409,2023,1670.5
West Hararge,ET0409,2024,1792.7891414141413
West Hararge,ET0409,2025,1960.8796296296296
East Hararge,ET0410,2018,990.04
East Hararge,ET0410,2019,1152.7372881355932
East Hararge,ET0410,2020,1358.75
East Hararge,ET0410,2021,1687.1442307692307
East Hararge,ET0410,2022,1898.2708333333333
East Hararge,ET0410,2023,1934.96875
East Hararge,ET0410,2024,2215.7083333333335
East Hararge,ET0410,2025,2214.1979166666665
Bale,ET0411,2018,445.078125
Bale,ET0411,2019,462.72616136919316
Bale,ET0411,2020,536.7064676616916
Bale,ET0411,2021,656.269801980198
Bale,ET0411,2022,845.7635467980296
Bale,ET0411,2023,989.2647058823529
Bale,ET0411,2024,1080.3455882352941
Bale,ET0411,2025,1267.6705882352942
Borena,ET0412,2018,107.45977011494253
Borena,ET0412,2019,218.77685950413223
Borena,ET0412,2020,336.8454545454546
Borena,ET0412,2021,286.6991869918699
Borena,ET0412,2022,297.83193277310926
Borena,ET0412,2023,371.44166666666666
Borena,ET0412,2024,437.92241379310343
Borena,ET0412,2025,497.26666666666665
South West Shewa,ET0413,2018,49.5948275862069
South West Shewa,ET0413,2019,54.11267605633803
South West Shewa,ET0413,2020,48.2265625
South West Shewa,ET0413,2021,61.203125
South West Shewa,ET0413,2022,75.36290322580645
South West Shewa,ET0413,2023,101.10833333333333
South West Shewa,ET0413,2024,109.44915254237289
South West Shewa,ET0413,2025,95.7457627118644
Guji,ET0414,2018,64.86363636363636
Guji,ET0414,2019,94.29166666666667
Guji,ET0414,2020,113.5625
Guji,ET0414,2021,100.78260869565217
Guji,ET0414,2022,210.64583333333334
Guji,ET0414,2023,293.9791666666667
Guji,ET0414,2024,310.3541666666667
Guji,ET0414,2025,333.6875
West Guji,ET0415,2018,8.090909090909092
West Guji,ET0415,2019,7.125
West Guji,ET0415,2020,4.8
West Guji,ET0415,2021,7.431818181818182
West Guji,ET0415,2022,4.095238095238095
West Guji,ET0415,2023,5.833333333333333
West Guji,ET0415,2024,17.416666666666668
West Guji,ET0415,2025,64
Buno Bedele,ET0416,2018,1.119047619047619
Buno Bedele,ET0416,2019,15.777777777777779
Buno Bedele,ET0416,2020,16.72340425531915
Buno Bedele,ET0416,2021,41.479166666666664
Buno Bedele,ET0416,2022,37.6875
Buno Bedele,ET0416,2023,74.16666666666667
Buno Bedele,ET0416,2024,123.3695652173913
Buno Bedele,ET0416,2025,95.81818181818181
West Arsi,ET0417,2018,397.2335216572505
West Arsi,ET0417,2019,441.16315789473686
West Arsi,ET0417,2020,512.8958333333334
West Arsi,ET0417,2021,650.6992481203008
West Arsi,ET0417,2022,832.7454545454545
West Arsi,ET0417,2023,1154.098148148148
West Arsi,ET0417,2024,1322.140510948905
West Arsi,ET0417,2025,1385.6272084805653
Kelem Wellega,ET0418,2018,11.872340425531915
Kelem Wellega,ET0418,2019,8.483516483516484
Kelem Wellega,ET0418,2020,4.65934065934066
Kelem Wellega,ET0418,2021,16.307692307692307
Kelem Wellega,ET0418,2022,15.10989010989011
Kelem Wellega,ET0418,2023,25.29787234042553
Kelem Wellega,ET0418,2024,35.367924528301884
Kelem Wellega,ET0418,2025,26.838983050847457
Horo Gudru Wellega,ET0419,2018,208.8068181818182
Horo Gudru Wellega,ET0419,2019,258.8541666666667
Horo Gudru Wellega,ET0419,2020,340.5729166666667
Horo Gudru Wellega,ET0419,2021,553.15625
Horo Gudru Wellega,ET0419,2022,816.2658227848101
Horo Gudru Wellega,ET0419,2023,746.4347826086956
Horo Gudru Wellega,ET0419,2024,702.9157894736842
Horo Gudru Wellega,ET0419,2025,862.46875
Shager City,ET0420,2018,0
Shager City,ET0420,2019,0
Shager City,ET0420,2020,NA
Shager City,ET0420,2021,NA
Shager City,ET0420,2022,NA
Shager City,ET0420,2023,NA
Shager City,ET0420,2024,NA
Shager City,ET0420,2025,NA
East Bale,ET0421,2018,3.90625
East Bale,ET0421,2019,4.117647058823529
East Bale,ET0421,2020,1.5833333333333333
East Bale,ET0421,2021,4.875
East Bale,ET0421,2022,2.4583333333333335
East Bale,ET0421,2023,14.434782608695652
East Bale,ET0421,2024,12
East Bale,ET0421,2025,25.583333333333332
East Borena,ET0422,2018,27
East Borena,ET0422,2019,1.03125
East Borena,ET0422,2020,3.25
East Borena,ET0422,2021,4.222222222222222
East Borena,ET0422,2022,27.291666666666668
East Borena,ET0422,2023,51.083333333333336
East Borena,ET0422,2024,226.70833333333334
East Borena,ET0422,2025,280.75
Siti,ET0501,2018,8.487603305785123
Siti,ET0501,2019,2.8580858085808583
Siti,ET0501,2020,11.458333333333334
Siti,ET0501,2021,9.621794871794872
Siti,ET0501,2022,16.583333333333332
Siti,ET0501,2023,32.30104712041885
Siti,ET0501,2024,84.76041666666667
Siti,ET0501,2025,125.21875
Fafan,ET0502,2018,247.96621621621622
Fafan,ET0502,2019,353.6666666666667
Fafan,ET0502,2020,424.8854166666667
Fafan,ET0502,2021,423.1666666666667
Fafan,ET0502,2022,433.96308724832215
Fafan,ET0502,2023,411.1217105263158
Fafan,ET0502,2024,426.8516129032258
Fafan,ET0502,2025,528.0257234726688
Jarar,ET0503,2018,4.025531914893617
Jarar,ET0503,2019,2.6342412451361867
Jarar,ET0503,2020,5.242063492063492
Jarar,ET0503,2021,10.954732510288066
Jarar,ET0503,2022,4.401544401544402
Jarar,ET0503,2023,5.096
Jarar,ET0503,2024,16.61382113821138
Jarar,ET0503,2025,43.07251908396947
Erer,ET0504,2018,19.2875
Erer,ET0504,2019,64.98387096774194
Erer,ET0504,2020,21.46551724137931
Erer,ET0504,2021,8.027777777777779
Erer,ET0504,2022,3.4857142857142858
Erer,ET0504,2023,5.423312883435583
Erer,ET0504,2024,14.872448979591837
Erer,ET0504,2025,45.33980582524272
Korahe,ET0505,2018,0.6567164179104478
Korahe,ET0505,2019,7.824561403508772
Korahe,ET0505,2020,1.125
Korahe,ET0505,2021,29.980392156862745
Korahe,ET0505,2022,81.8076923076923
Korahe,ET0505,2023,63.1
Korahe,ET0505,2024,23.64782608695652
Korahe,ET0505,2025,28.358974358974358
Shabelle,ET0506,2018,16.975609756097562
Shabelle,ET0506,2019,11.039130434782608
Shabelle,ET0506,2020,0.10824742268041238
Shabelle,ET0506,2021,2.8469387755102042
Shabelle,ET0506,2022,3.3256880733944953
Shabelle,ET0506,2023,1.4615384615384615
Shabelle,ET0506,2024,1.6160714285714286
Shabelle,ET0506,2025,52.515151515151516
Doolo,ET0507,2018,16.048780487804876
Doolo,ET0507,2019,9.444444444444445
Doolo,ET0507,2020,3.5755813953488373
Doolo,ET0507,2021,0.2926829268292683
Doolo,ET0507,2022,0.8977272727272727
Doolo,ET0507,2023,10.1
Doolo,ET0507,2024,12.559782608695652
Doolo,ET0507,2025,40.7
Afder,ET0508,2018,1.8380281690140845
Afder,ET0508,2019,2.5384615384615383
Afder,ET0508,2020,0.8757763975155279
Afder,ET0508,2021,13.806666666666667
Afder,ET0508,2022,11.738636363636363
Afder,ET0508,2023,0.3181818181818182
Afder,ET0508,2024,1.5625
Afder,ET0508,2025,25.47222222222222
Liban,ET0509,2018,7.6645569620253164
Liban,ET0509,2019,13.495238095238095
Liban,ET0509,2020,24.51829268292683
Liban,ET0509,2021,43.65
Liban,ET0509,2022,25.97087378640777
Liban,ET0509,2023,13.90625
Liban,ET0509,2024,16.80952380952381
Liban,ET0509,2025,40.847328244274806
Nogob,ET0510,2018,5.07
Nogob,ET0510,2019,1.0588235294117647
Nogob,ET0510,2020,3.7155172413793105
Nogob,ET0510,2021,16.048076923076923
Nogob,ET0510,2022,3.1339285714285716
Nogob,ET0510,2023,8.359649122807017
Nogob,ET0510,2024,10.798387096774194
Nogob,ET0510,2025,26.483870967741936
Daawa,ET0511,2018,158.5
Daawa,ET0511,2019,224.2826086956522
Daawa,ET0511,2020,353.4583333333333
Daawa,ET0511,2021,346.375
Daawa,ET0511,2022,349.29347826086956
Daawa,ET0511,2023,454.6770833333333
Daawa,ET0511,2024,517.8854166666666
Daawa,ET0511,2025,589.3229166666666
Metekel,ET0602,2018,182.58
Metekel,ET0602,2019,169.17613636363637
Metekel,ET0602,2020,166.58100558659217
Metekel,ET0602,2021,118.71130952380952
Metekel,ET0602,2022,125.55865921787709
Metekel,ET0602,2023,147.60555555555555
Metekel,ET0602,2024,175.16949152542372
Metekel,ET0602,2025,242.2111111111111
Assosa,ET0603,2018,143.47752808988764
Assosa,ET0603,2019,182.8842105263158
Assosa,ET0603,2020,201.0257731958763
Assosa,ET0603,2021,220.16145833333334
Assosa,ET0603,2022,213.87254901960785
Assosa,ET0603,2023,219.33796296296296
Assosa,ET0603,2024,259.72477064220186
Assosa,ET0603,2025,304.95454545454544
Kamashi,ET0604,2018,51.354609929078016
Kamashi,ET0604,2019,41.55
Kamashi,ET0604,2020,32.208333333333336
Kamashi,ET0604,2021,32.475
Kamashi,ET0604,2022,9.038461538461538
Kamashi,ET0604,2023,3.6139240506329116
Kamashi,ET0604,2024,21.77987421383648
Kamashi,ET0604,2025,86.13186813186813
Mao-komo Special,ET0605,2018,120.01980198019803
Mao-komo Special,ET0605,2019,51.791044776119406
Mao-komo Special,ET0605,2020,72.61267605633803
Mao-komo Special,ET0605,2021,76.1304347826087
Mao-komo Special,ET0605,2022,NA
Mao-komo Special,ET0605,2023,34.90909090909091
Mao-komo Special,ET0605,2024,22.456692913385826
Mao-komo Special,ET0605,2025,44.31297709923664
Kebena Special,ET0700,2018,153.20833333333334
Kebena Special,ET0700,2019,307.8125
Kebena Special,ET0700,2020,168.66666666666666
Kebena Special,ET0700,2021,97.58333333333333
Kebena Special,ET0700,2022,107.44444444444444
Kebena Special,ET0700,2023,104.07142857142857
Kebena Special,ET0700,2024,225.18055555555554
Kebena Special,ET0700,2025,359.2142857142857
Guraghe,ET0701,2018,604.2083333333334
Guraghe,ET0701,2019,564.5875
Guraghe,ET0701,2020,618.4708333333333
Guraghe,ET0701,2021,637.4916666666667
Guraghe,ET0701,2022,839.0041666666667
Guraghe,ET0701,2023,901.6386554621848
Guraghe,ET0701,2024,960.9458333333333
Guraghe,ET0701,2025,1225.9166666666667
Hadiya,ET0702,2018,257.40909090909093
Hadiya,ET0702,2019,312.56632653061223
Hadiya,ET0702,2020,264.3072916666667
Hadiya,ET0702,2021,280.1505376344086
Hadiya,ET0702,2022,429.8385416666667
Hadiya,ET0702,2023,469.65625
Hadiya,ET0702,2024,650.1954022988506
Hadiya,ET0702,2025,685.8397790055249
Kembata,ET0703,2018,849.6769230769231
Kembata,ET0703,2019,868.9457364341085
Kembata,ET0703,2020,869.2520661157025
Kembata,ET0703,2021,987.1725663716815
Kembata,ET0703,2022,1014.1375
Kembata,ET0703,2023,1160.2058823529412
Kembata,ET0703,2024,1162.375
Kembata,ET0703,2025,1212.2416666666666
East Guraghe,ET0704,2018,891.8151260504202
East Guraghe,ET0704,2019,624.95
East Guraghe,ET0704,2020,594.175
East Guraghe,ET0704,2021,616.825
East Guraghe,ET0704,2022,958.525
East Guraghe,ET0704,2023,946.2916666666666
East Guraghe,ET0704,2024,1216.9833333333333
East Guraghe,ET0704,2025,1608.3666666666666
Halaba,ET0714,2018,216.91666666666666
Halaba,ET0714,2019,217.33333333333334
Halaba,ET0714,2020,0
Halaba,ET0714,2021,26.416666666666668
Halaba,ET0714,2022,0
Halaba,ET0714,2023,0
Halaba,ET0714,2024,42.916666666666664
Halaba,ET0714,2025,151.41666666666666
Siltie,ET0720,2018,353.80357142857144
Siltie,ET0720,2019,334.6867816091954
Siltie,ET0720,2020,361.6368715083799
Siltie,ET0720,2021,481.8813559322034
Siltie,ET0720,2022,512.2361111111111
Siltie,ET0720,2023,647.9416666666667
Siltie,ET0720,2024,525.0777777777778
Siltie,ET0720,2025,560.3870967741935
Yem,ET0724,2018,90.66666666666667
Yem,ET0724,2019,52.5
Yem,ET0724,2020,85.9090909090909
Yem,ET0724,2021,158.04166666666666
Yem,ET0724,2022,196.875
Yem,ET0724,2023,324.04545454545456
Yem,ET0724,2024,300.25
Yem,ET0724,2025,283.375
Mareko Special,ET0725,2018,284.1145833333333
Mareko Special,ET0725,2019,312.6875
Mareko Special,ET0725,2020,293.8229166666667
Mareko Special,ET0725,2021,236.6931818181818
Mareko Special,ET0725,2022,238.20833333333334
Mareko Special,ET0725,2023,301.6145833333333
Mareko Special,ET0725,2024,387.5520833333333
Mareko Special,ET0725,2025,486.1979166666667
Tembaro Special,ET0726,2018,NA
Tembaro Special,ET0726,2019,NA
Tembaro Special,ET0726,2020,NA
Tembaro Special,ET0726,2021,NA
Tembaro Special,ET0726,2022,NA
Tembaro Special,ET0726,2023,NA
Tembaro Special,ET0726,2024,NA
Tembaro Special,ET0726,2025,NA
Wolayita,ET0801,2018,553.8681318681319
Wolayita,ET0801,2019,585.8660578386606
Wolayita,ET0801,2020,606.125
Wolayita,ET0801,2021,658.637026239067
Wolayita,ET0801,2022,794.6770833333334
Wolayita,ET0801,2023,833.4
Wolayita,ET0801,2024,976.2093023255813
Wolayita,ET0801,2025,834.6477572559367
Gamo,ET0802,2018,883.1111111111111
Gamo,ET0802,2019,797.6944444444445
Gamo,ET0802,2020,1237.2083333333333
Gamo,ET0802,2021,1089.0694444444443
Gamo,ET0802,2022,1068.9583333333333
Gamo,ET0802,2023,1245.418918918919
Gamo,ET0802,2024,1145.75
Gamo,ET0802,2025,1328.608695652174
Gofa,ET0803,2018,471.8611111111111
Gofa,ET0803,2019,604.25
Gofa,ET0803,2020,816.7916666666666
Gofa,ET0803,2021,842.3888888888889
Gofa,ET0803,2022,1124.9166666666667
Gofa,ET0803,2023,927.8611111111111
Gofa,ET0803,2024,1135.9857142857143
Gofa,ET0803,2025,1250.0972222222222
Basketo,ET0804,2018,NA
Basketo,ET0804,2019,NA
Basketo,ET0804,2020,NA
Basketo,ET0804,2021,NA
Basketo,ET0804,2022,NA
Basketo,ET0804,2023,NA
Basketo,ET0804,2024,NA
Basketo,ET0804,2025,NA
Ari,ET0805,2018,569.15
Ari,ET0805,2019,466.14166666666665
Ari,ET0805,2020,546.1666666666666
Ari,ET0805,2021,575.8879310344828
Ari,ET0805,2022,595.5811965811965
Ari,ET0805,2023,540.1083333333333
Ari,ET0805,2024,603.325
Ari,ET0805,2025,625.725
Alle Special,ET0806,2018,338.2857142857143
Alle Special,ET0806,2019,368.75
Alle Special,ET0806,2020,318.7604166666667
Alle Special,ET0806,2021,379.0416666666667
Alle Special,ET0806,2022,339.1363636363636
Alle Special,ET0806,2023,388.625
Alle Special,ET0806,2024,446.2916666666667
Alle Special,ET0806,2025,525.6875
Derashe,ET0807,2018,198.25
Derashe,ET0807,2019,104.33333333333333
Derashe,ET0807,2020,54.333333333333336
Derashe,ET0807,2021,45.541666666666664
Derashe,ET0807,2022,99.5
Derashe,ET0807,2023,2.5
Derashe,ET0807,2024,0
Derashe,ET0807,2025,0
Kore,ET0808,2018,103.05555555555556
Kore,ET0808,2019,102.58461538461539
Kore,ET0808,2020,87.35714285714286
Kore,ET0808,2021,204.09722222222223
Kore,ET0808,2022,132.77777777777777
Kore,ET0808,2023,108.37096774193549
Kore,ET0808,2024,98.83333333333333
Kore,ET0808,2025,98.15277777777777
Konso,ET0809,2018,23.5
Konso,ET0809,2019,0
Konso,ET0809,2020,66.45833333333333
Konso,ET0809,2021,29.166666666666668
Konso,ET0809,2022,0
Konso,ET0809,2023,2.1818181818181817
Konso,ET0809,2024,20.5
Konso,ET0809,2025,6.083333333333333
Burji,ET0810,2018,NA
Burji,ET0810,2019,NA
Burji,ET0810,2020,2.5
Burji,ET0810,2021,14.833333333333334
Burji,ET0810,2022,23
Burji,ET0810,2023,16.53125
Burji,ET0810,2024,9.130434782608695
Burji,ET0810,2025,26.555555555555557
Gedeo,ET0811,2018,366.8421052631579
Gedeo,ET0811,2019,338.4065934065934
Gedeo,ET0811,2020,386.29787234042556
Gedeo,ET0811,2021,345.5268817204301
Gedeo,ET0811,2022,342.14516129032256
Gedeo,ET0811,2023,484.68947368421055
Gedeo,ET0811,2024,538.4375
Gedeo,ET0811,2025,677.1902173913044
South Omo,ET0812,2018,229.025
South Omo,ET0812,2019,273.2916666666667
South Omo,ET0812,2020,297.12916666666666
South Omo,ET0812,2021,372.9581589958159
South Omo,ET0812,2022,322.6455696202532
South Omo,ET0812,2023,435.825
South Omo,ET0812,2024,507.59166666666664
South Omo,ET0812,2025,471.5875
Sheka,ET1101,2018,96.05882352941177
Sheka,ET1101,2019,189.9
Sheka,ET1101,2020,278.2
Sheka,ET1101,2021,185.09859154929578
Sheka,ET1101,2022,157.98611111111111
Sheka,ET1101,2023,116.95833333333333
Sheka,ET1101,2024,149.88888888888889
Sheka,ET1101,2025,257.7
Kefa,ET1102,2018,485.48790322580646
Kefa,ET1102,2019,539.4978540772532
Kefa,ET1102,2020,592.780045351474
Kefa,ET1102,2021,572.6299559471365
Kefa,ET1102,2022,675.6877729257642
Kefa,ET1102,2023,816.9627192982456
Kefa,ET1102,2024,859.0215982721382
Kefa,ET1102,2025,1303.9208333333333
Bench Sheko,ET1103,2018,485.44444444444446
Bench Sheko,ET1103,2019,467.42056074766356
Bench Sheko,ET1103,2020,471.35648148148147
Bench Sheko,ET1103,2021,768.7621359223301
Bench Sheko,ET1103,2022,685.6435185185185
Bench Sheko,ET1103,2023,700.375
Bench Sheko,ET1103,2024,797.7037037037037
Bench Sheko,ET1103,2025,1059.9259259259259
Dawuro,ET1104,2018,557.2577319587629
Dawuro,ET1104,2019,487.44274809160305
Dawuro,ET1104,2020,528.2222222222222
Dawuro,ET1104,2021,573.2331606217616
Dawuro,ET1104,2022,629.3467336683417
Dawuro,ET1104,2023,630.7029702970297
Dawuro,ET1104,2024,621.0416666666666
Dawuro,ET1104,2025,709.4901960784314
West Omo,ET1105,2018,57.214285714285715
West Omo,ET1105,2019,61.88690476190476
West Omo,ET1105,2020,93.71428571428571
West Omo,ET1105,2021,77.95238095238095
West Omo,ET1105,2022,93.49397590361446
West Omo,ET1105,2023,128.32738095238096
West Omo,ET1105,2024,138.70238095238096
West Omo,ET1105,2025,157.0595238095238
Konta,ET1106,2018,NA
Konta,ET1106,2019,NA
Konta,ET1106,2020,NA
Konta,ET1106,2021,NA
Konta,ET1106,2022,NA
Konta,ET1106,2023,NA
Konta,ET1106,2024,NA
Konta,ET1106,2025,NA
Nuwer,ET1201,2018,5.588652482269503
Nuwer,ET1201,2019,2.542483660130719
Nuwer,ET1201,2020,4.75177304964539
Nuwer,ET1201,2021,5.871428571428571
Nuwer,ET1201,2022,7.404761904761905
Nuwer,ET1201,2023,11.43452380952381
Nuwer,ET1201,2024,15.960227272727273
Nuwer,ET1201,2025,8.330508474576272
Agnewak,ET1202,2018,26.009708737864077
Agnewak,ET1202,2019,25.84860557768924
Agnewak,ET1202,2020,23.152263374485596
Agnewak,ET1202,2021,16.022831050228312
Agnewak,ET1202,2022,19.408906882591094
Agnewak,ET1202,2023,27.58267716535433
Agnewak,ET1202,2024,40.24632352941177
Agnewak,ET1202,2025,47.37062937062937
Majang,ET1203,2018,2.1
Majang,ET1203,2019,20
Majang,ET1203,2020,22.296610169491526
Majang,ET1203,2021,38.848214285714285
Majang,ET1203,2022,46.588235294117645
Majang,ET1203,2023,55.1
Majang,ET1203,2024,79.625
Majang,ET1203,2025,109.95
Itang Special,ET1204,2018,11.11111111111111
Itang Special,ET1204,2019,8.078947368421053
Itang Special,ET1204,2020,16.651162790697676
Itang Special,ET1204,2021,9.886075949367088
Itang Special,ET1204,2022,21.772151898734176
Itang Special,ET1204,2023,24.80263157894737
Itang Special,ET1204,2024,17.776315789473685
Itang Special,ET1204,2025,24.430379746835442
Harari,ET1301,2018,92.72881355932203
Harari,ET1301,2019,80.69587628865979
Harari,ET1301,2020,129.20606060606062
Harari,ET1301,2021,313.0748299319728
Harari,ET1301,2022,428.136690647482
Harari,ET1301,2023,320.6056338028169
Harari,ET1301,2024,572.7163120567376
Harari,ET1301,2025,542.6319444444445
Region 14,ET1401,2018,124.86934204386374
Region 14,ET1401,2019,172.00334128878282
Region 14,ET1401,2020,123.09783728115345
Region 14,ET1401,2021,169.10135135135135
Region 14,ET1401,2022,208.30643564356436
Region 14,ET1401,2023,221.92409402546522
Region 14,ET1401,2024,220.4271891630382
Region 14,ET1401,2025,254.92246240601503
Dire Dawa urban,ET1501,2018,70.38829787234043
Dire Dawa urban,ET1501,2019,70.91666666666667
Dire Dawa urban,ET1501,2020,80.375
Dire Dawa urban,ET1501,2021,115.39583333333333
Dire Dawa urban,ET1501,2022,134.88541666666666
Dire Dawa urban,ET1501,2023,149.40625
Dire Dawa urban,ET1501,2024,230.89583333333334
Dire Dawa urban,ET1501,2025,377.7395833333333
Dire Dawa rural,ET1502,2018,17.69148936170213
Dire Dawa rural,ET1502,2019,16.877659574468087
Dire Dawa rural,ET1502,2020,29.942708333333332
Dire Dawa rural,ET1502,2021,48.020833333333336
Dire Dawa rural,ET1502,2022,83.375
Dire Dawa rural,ET1502,2023,59.166666666666664
Dire Dawa rural,ET1502,2024,73.765625
Dire Dawa rural,ET1502,2025,160.515625
Hawassa town Admin,ET1601,2018,1058.0833333333333
Hawassa town Admin,ET1601,2019,1708.0416666666667
Hawassa town Admin,ET1601,2020,2291.7083333333335
Hawassa town Admin,ET1601,2021,2673.0416666666665
Hawassa town Admin,ET1601,2022,2546.0833333333335
Hawassa town Admin,ET1601,2023,2668.0833333333335
Hawassa town Admin,ET1601,2024,3437
Hawassa town Admin,ET1601,2025,4661.833333333333
Northern,ET1602,2018,668.0758620689655
Northern,ET1602,2019,728.1818181818181
Northern,ET1602,2020,772.6076388888889
Northern,ET1602,2021,924.6145833333334
Northern,ET1602,2022,1051.6319444444443
Northern,ET1602,2023,1163.045138888889
Northern,ET1602,2024,1362.486111111111
Northern,ET1602,2025,1592.3807947019868
Central,ET1603,2018,705.0416666666666
Central,ET1603,2019,656.3409090909091
Central,ET1603,2020,681.8787878787879
Central,ET1603,2021,904.9469696969697
Central,ET1603,2022,1028.814393939394
Central,ET1603,2023,1122.7234848484848
Central,ET1603,2024,1363.9770992366412
Central,ET1603,2025,1714.115671641791
Southern,ET1604,2018,849.189393939394
Southern,ET1604,2019,960.9810606060606
Southern,ET1604,2020,899.3295454545455
Southern,ET1604,2021,1190.25
Southern,ET1604,2022,1278.5075757575758
Southern,ET1604,2023,1342.473282442748
Southern,ET1604,2024,1613.4507575757575
Southern,ET1604,2025,1835.1022727272727
Eastern,ET1605,2018,493.0805084745763
Eastern,ET1605,2019,561.6986899563319
Eastern,ET1605,2020,506.1
Eastern,ET1605,2021,715.7875
Eastern,ET1605,2022,646.6416666666667
Eastern,ET1605,2023,740.7166666666667
Eastern,ET1605,2024,879.2565217391304
Eastern,ET1605,2025,1195.1375
Area 1,ET9901,2018,327.4406779661017
Area 1,ET9901,2019,323.62083333333334
Area 1,ET9901,2020,312.84444444444443
Area 1,ET9901,2021,NA
Area 1,ET9901,2022,NA
Area 1,ET9901,2023,NA
Area 1,ET9901,2024,5
Area 1,ET9901,2025,NA
Area 2,ET9902,2018,NA
Area 2,ET9902,2019,NA
Area 2,ET9902,2020,NA
Area 2,ET9902,2021,NA
Area 2,ET9902,2022,NA
Area 2,ET9902,2023,NA
Area 2,ET9902,2024,NA
Area 2,ET9902,2025,NA
Area 3,ET9903,2018,565.3888888888889
Area 3,ET9903,2019,554.9930555555555
Area 3,ET9903,2020,602.9433962264151
Area 3,ET9903,2021,NA
Area 3,ET9903,2022,NA
Area 3,ET9903,2023,NA
Area 3,ET9903,2024,184.6818181818182
Area 3,ET9903,2025,179.59285714285716
