adm3_name,adm3_pcode,total_value
Tahtay Adiyabo,ET010101,NA
Zana,ET010103,NA
Tahtay Koraro,ET010104,NA
Asgede,ET010105,374.47222222222223
Sheraro town,ET010107,100.63888888888889
Shire Endaslasie town,ET010108,299.4166666666667
Laelay Koraro,ET010109,NA
Seyemti Adyabo,ET010110,151.64583333333334
Adi Daero,ET010111,NA
Maekel Adiyabo,ET010112,NA
Tsimbla,ET010113,NA
Endabaguna town,ET010114,NA
Chila,ET010201,NA
Aheferom,ET010202,138.13725490196077
Endaba Tsahma,ET010203,360.0416666666667
Adwa,ET010204,614.8958333333334
Laelay Maychew,ET010205,977.0416666666666
Tahtay Maychew,ET010206,440.7916666666667
Adet,ET010207,NA
Kola Tembien,ET010208,336.2083333333333
Naeder,ET010209,NA
Abergele (TG),ET010210,149.85416666666666
Abiy Adi town,ET010211,0
Adwa town,ET010212,1.325
Axum town,ET010213,59.520833333333336
Rama Adi Arbaete,ET010214,75.45833333333333
Ahsea,ET010215,NA
Egela,ET010216,NA
Hahayle,ET010217,NA
Endafelasi,ET010218,NA
Emba Sieneti,ET010219,NA
Enticho town,ET010220,NA
Keyhe tekli,ET010221,NA
Tanqua Melashe,ET010222,NA
Gulo Mekeda,ET010301,135.95833333333334
Erob,ET010302,54.166666666666664
Sebuha Saesie,ET010303,216.20833333333334
Ganta Afeshum,ET010304,504.375
Hawzen,ET010305,343.7083333333333
Kilte Awulaelo,ET010306,519.4583333333334
Atsbi,ET010307,372.8878504672897
Adigrat town,ET010308,NA
Wukro town,ET010309,0
Bizet,ET010310,NA
Edaga Hamus town,ET010311,NA
Hawzen town,ET010312,NA
Freweyni town,ET010313,NA
Tsaeda Emba,ET010314,NA
Atsbi town,ET010315,NA
Agulae,ET010316,NA
Geraleta,ET010317,NA
Zala Anbesa town,ET010318,NA
Selewa,ET010401,NA
Bora (TG),ET010402,NA
Neqsege,ET010403,NA
Emba Alaje,ET010404,NA
Endamehoni,ET010405,NA
Raya Azebo,ET010406,NA
Maichew town,ET010409,NA
Mekhoni town,ET010412,NA
Saharti,ET010601,NA
Enderta,ET010602,NA
Hintalo,ET010603,NA
Degua Temben,ET010604,242.044776119403
Hagere Selam town,ET010605,49.8125
Samre,ET010606,52.604651162790695
Adigudom,ET010607,0
Wajirat,ET010608,619.2708333333334
Kuiha Sub City,ET010701,764.6231884057971
Hadnet Sub City,ET010702,NA
Ayder Sub City,ET010703,0
Hawelti Sub City,ET010704,NA
Adihaki Sub City,ET010705,NA
Qedamay Weyane Sub City,ET010706,NA
Semen Sub City,ET010707,NA
Dubti,ET020101,197.9
Elidar,ET020102,149.95833333333334
Asayita,ET020103,93.52083333333333
Afambo,ET020104,38.125
Mile,ET020105,NA
Chifra,ET020106,120.75
Dubti town,ET020107,NA
Kori,ET020108,19.770833333333332
Adar,ET020109,13.979166666666666
Asayita town,ET020111,NA
Mile town,ET020112,NA
Chifra town,ET020113,NA
Samera Logiya town,ET020198,NA
Erebti,ET020201,79.02083333333333
Kunneba,ET020202,NA
Abaala,ET020203,NA
Megale,ET020204,NA
Berahile,ET020205,158.79166666666666
Dalol,ET020206,5.021739130434782
Afdera,ET020207,90.27083333333333
Bidu,ET020208,7.25
Abaala town,ET020209,NA
Wasama,ET020210,NA
Amibara,ET020301,NA
Awash Fantale,ET020302,27.375
Gewane,ET020303,NA
Dulecha,ET020304,28.1875
Gala'alu,ET020305,NA
Arguba,ET020306,45.104166666666664
Hanruka,ET020307,85.51041666666667
Abida,ET020308,NA
Borimodaytu,ET020309,16.4375
Werer,ET020310,NA
Awash town,ET020396,55.166666666666664
Awra (AF),ET020401,58.458333333333336
Euwa,ET020402,87.875
Teru,ET020403,NA
Yalo,ET020404,86.0625
Gulina,ET020405,118
Mabay,ET020406,NA
Telalek,ET020501,80.875
Samurobi,ET020502,61
Dawe,ET020503,NA
Dalefage,ET020504,23.458333333333332
Hadelela,ET020505,57.541666666666664
Gerani,ET020601,NA
Kilalu,ET020602,NA
Yangudi,ET020603,NA
Sibaybi,ET020604,32.041666666666664
Addi Arekay,ET030101,766.2708333333334
Beyeda,ET030102,503.2083333333333
Janamora,ET030103,1580.625
Debark,ET030104,1612.6666666666667
Dabat,ET030105,1078.6875
Dabat town,ET030106,NA
Telemt,ET030119,173.625
Debark town,ET030198,99.91666666666667
Ebenat,ET030201,2414.2340425531916
Libokemekem,ET030202,2019.9166666666667
Fogera,ET030203,2545.3333333333335
Farta,ET030204,NA
Lay Gayint,ET030205,2846.5625
Tach Gayint,ET030206,739.1944444444445
Semada,ET030207,1898.5416666666667
East Esite,ET030208,2433.8958333333335
Dera (AM),ET030209,2893.3958333333335
Debre Tabor town,ET030210,861.5208333333334
Andabet /West Esite,ET030211,932.5277777777778
Guna Begemider,ET030212,NA
Mena Meketewa,ET030213,NA
Sede Muja,ET030214,NA
Nefas Mewicha town,ET030215,35.583333333333336
Wegeda town,ET030216,176
Ebenat town,ET030217,80.75
Hamusit town,ET030218,NA
Woreta town,ET030293,759.3125
Mekan Eyesuse,ET030298,NA
Adiss Zemen town,ET030299,NA
Bugna,ET030301,1859.375
Raya Kobo,ET030302,1419.1666666666667
Gidan,ET030303,1945.6666666666667
Meket,ET030304,2756.0416666666665
Wadla,ET030305,1200.263888888889
Hara town,ET030306,NA
Guba Lafto,ET030307,2106.4166666666665
Habru,ET030308,2962.2291666666665
Woldiya town,ET030309,360.2
Lasta,ET030310,NA
Dawunt,ET030311,NA
Gazo,ET030312,NA
Angot,ET030313,NA
Filakit town,ET030314,24.75
Gashena town,ET030315,NA
Mersa town,ET030397,NA
Lalibela town,ET030398,310.55555555555554
Kobo town,ET030399,NA
Argoba,ET030401,NA
Tenta,ET030402,2
Kutaber,ET030403,NA
Ambasel,ET030404,NA
Thehulederie,ET030405,79.75
Delanta,ET030406,NA
Kalu,ET030407,NA
Albuko,ET030408,NA
Dessie Zuria,ET030409,NA
Legambo,ET030410,NA
Sayint,ET030411,65.125
Borena /Debresina,ET030412,NA
Kelela,ET030413,NA
Jama,ET030414,1482.9722222222222
Were Ilu,ET030415,NA
Wegde,ET030416,25.208333333333332
Kombolcha town,ET030417,999
Dessie town,ET030418,559.3539094650206
Mehal Sayint,ET030419,NA
Legehida,ET030420,NA
Mekdela,ET030421,NA
Worebabu,ET030422,NA
Wereilu town,ET030423,NA
Wegel tena town,ET030424,84.04166666666667
Degolo town,ET030425,NA
Kelala town,ET030426,NA
Akeseta town,ET030427,36.083333333333336
Gimeba town,ET030428,NA
Harbu town,ET030429,NA
Wegedi town,ET030430,NA
Mekane Selam town,ET030498,NA
Hike town,ET030499,NA
Mida Woremo,ET030501,59.5
Merhabete,ET030502,NA
Ensaro,ET030503,1100
Moretna Jiru,ET030504,NA
Menze Gera Midir,ET030505,NA
Gishe Rabel,ET030506,691.2083333333334
Antsokiya,ET030507,NA
Eferatana Gidem,ET030508,NA
Menze Mama Midir,ET030509,NA
Tarema Ber,ET030510,19.666666666666668
Mojan Wedera,ET030511,NA
Kewet,ET030512,NA
Angolelana Tera,ET030513,305
Assagirt,ET030514,727.0833333333334
Ankober,ET030515,1073.6666666666667
Hagere Mariam,ET030516,473.1666666666667
Berehet,ET030517,514.6666666666666
Minjar Shenkora,ET030518,446.44444444444446
Basona Worena,ET030519,579.96875
Debre Berhan town,ET030520,478
Menze Keya Gabriel,ET030521,NA
Menze Lalo Midir,ET030522,1053.875
Siya Debirna Wayu,ET030523,35.416666666666664
Tulefa town,ET030524,NA
Arerti town,ET030525,NA
Molale town,ET030526,NA
Debre Sina town,ET030527,NA
Enewari town,ET030528,NA
Shoa Robit,ET030595,190.66666666666666
Mehal Meda town,ET030597,53.541666666666664
Ataye town,ET030598,NA
Aleme Ketma town,ET030599,109.75
Bibugn,ET030601,901.9027777777778
Hulet Ej Enese,ET030602,2090.3958333333335
Goncha Siso Enebse,ET030603,NA
Enebse Sarmder,ET030604,2709.0208333333335
Enarj Enawga,ET030605,1704.125
Enemay,ET030606,2814.9791666666665
Debay Telatgen,ET030607,1887.375
Debre Elias,ET030608,1020.5833333333334
Michakel,ET030609,1457.8125
Guzamn,ET030610,1740.7708333333333
Baso Liben,ET030611,1553.111111111111
Awabel,ET030612,88.41666666666667
Dejen,ET030613,1463.0416666666667
Shebel Bernta,ET030614,1230.013888888889
Debre Markos town,ET030615,465.92083333333335
Senan,ET030616,1589.2083333333333
Aneded,ET030617,1292.25
Amanuel town,ET030618,NA
Sedae,ET030619,2997.7083333333335
Gundwoin town,ET030620,NA
Debrework town,ET030621,NA
Lumame town,ET030622,NA
Merto Lemariyam town,ET030623,20.958333333333332
Mota town,ET030694,37.666666666666664
Dejen town,ET030698,149.95833333333334
Bechena town,ET030699,80.54166666666667
Sekela,ET030705,2074.8125
Quarit,ET030706,1288.6458333333333
Dega Damot,ET030707,1596.5972222222222
Dembecha,ET030708,1846.6458333333333
Jabi Tehnan,ET030709,NA
Bure (AM),ET030710,1403.1666666666667
Wemberma,ET030711,1239.2916666666667
Finote Selam town,ET030714,1226.9495798319329
Shendi town,ET030716,NA
Denbecha town,ET030717,NA
Jiga town,ET030720,NA
Bure town,ET030798,681.6805555555555
Zequala,ET030801,1600.4166666666667
Sekota,ET030802,NA
Dehana,ET030803,1251.2916666666667
Gaz Gibla,ET030804,1929.6666666666667
Abergele (AM),ET030805,305.6875
Sahila,ET030806,649.375
Sekota town,ET030807,1138.7916666666667
Tsagbeji,ET030808,NA
Amde Work town,ET030809,NA
Dangila,ET030901,1176.6666666666667
Banja,ET030902,NA
Ankasha,ET030903,NA
Guangua,ET030904,1463.3333333333333
Fagta Lakoma,ET030905,1831.9375
Jawi,ET030906,795.5416666666666
Guagusa Shikudad,ET030907,1054.9583333333333
Ayehu Guwagusa,ET030908,875.75
Agew Gimija Bet town,ET030909,59
Adiss Kidame town,ET030910,NA
Tilili town,ET030911,NA
Fendika town,ET030912,NA
Injibara town,ET030996,812.2916666666666
Zigem town,ET030997,NA
Dangila town,ET030998,253.79166666666666
Chagni town,ET030999,736.9375
Dewa Cheffa,ET031001,236.91666666666666
Bati,ET031002,NA
Jilye Tumuga,ET031003,677.3888888888889
Artuma Fursi,ET031004,NA
Dewa Harewa,ET031005,684.3541666666666
Kemisie town,ET031006,682.75
Chef Robit town,ET031007,NA
Senbete town,ET031008,NA
Bati town,ET031099,NA
Amba Giorgis town,ET031103,31.791666666666668
Shawra town,ET031104,0
Kolla Debba town,ET031105,NA
Chilga 1,ET031106,NA
Tegede,ET031107,458.5625
Lay Armacho,ET031108,813.125
Wegera,ET031109,2402.1458333333335
Gonder Zuria,ET031110,1479.375
East Dembia,ET031111,115.25
Chilga 2,ET031112,21.333333333333332
Alefa,ET031115,1323.6458333333333
West Belesa,ET031116,1014.75
East Belesa,ET031117,502.47222222222223
Gondar town,ET031118,642.607476635514
Masero Denb /Central Armacho,ET031119,NA
Tach Armacho,ET031120,535.025
Takusa,ET031121,376.7361111111111
Kinfaz Begela,ET031122,NA
West Dembiya,ET031125,2148.5833333333335
Aykel town,ET031199,3.625
Adagn Ager Chaqo,ET031205,879.1979166666666
Mirab Armacho,ET031206,46
Metema,ET031213,NA
Quara,ET031214,1070.6875
Midre Genet,ET031223,NA
Metema Yohanes town,ET031224,NA
Gendawuha town,ET031292,15.708333333333334
Semen Achefer,ET031301,2001.6666666666667
Merawi town,ET031302,NA
Yilmana Densa,ET031303,65.3913043478261
Mecha,ET031304,237.16666666666666
Debub Achefer,ET031305,1096.638888888889
Debub Mecha,ET031306,4172.791666666667
Gonje,ET031307,1663.0416666666667
Dure Bete,ET031308,NA
Adete town,ET031309,NA
Bahir Dar Zuria,ET031310,NA
Bahir Dar town,ET031401,980.3177570093458
Zege town,ET031403,33.541666666666664
Deq,ET031404,NA
Meshenti town,ET031405,152.625
Tis Abay town,ET031406,282.7291666666667
Mana Sibu,ET040101,NA
Nejo,ET040102,NA
Gimbi,ET040103,NA
Lalo Asabi,ET040104,NA
Kiltu Kara,ET040105,NA
Boji Dirmeji,ET040106,NA
Ayira,ET040107,97.32608695652173
Jarso (West Wellega),ET040108,NA
Gudetu Kondole,ET040109,1139.5
Boji Chekorsa,ET040110,503.25
Babo,ET040111,NA
Yubdo,ET040112,NA
Gaji,ET040113,NA
Haru,ET040114,NA
Nole Kaba,ET040115,NA
Begi,ET040116,1.3333333333333333
Homa,ET040117,NA
Sayo Nole,ET040118,550.1041666666666
Guliso,ET040119,NA
Gimbi town,ET040193,55.45
Leta Sibu,ET040197,NA
Mendi town,ET040198,57.166666666666664
Nejo town,ET040199,226.5
Limu (OR),ET040201,NA
Ibantu,ET040202,NA
Gida Ayana,ET040203,756.4791666666666
Haro Limu,ET040204,157.77083333333334
Boneya Boshe,ET040205,NA
Wayu Tuka,ET040206,NA
Bila Seyo,ET040207,NA
Gobu Seyo,ET040208,NA
Sibu Sire,ET040209,NA
Diga,ET040210,NA
Sasiga,ET040211,NA
Leka Dulecha,ET040212,NA
Guto Gida,ET040213,NA
Jimma Arjo,ET040214,15.333333333333334
Nunu Kumba,ET040215,NA
Wama Hagalo,ET040216,NA
Kiremu,ET040217,NA
Nekemte town,ET040297,234.77083333333334
Darimu,ET040301,NA
Alge Sachi,ET040302,547.2291666666666
Yayu,ET040309,NA
Metu Zuria,ET040310,NA
Ale,ET040311,NA
Bure (OR),ET040312,NA
Sale Nono,ET040313,241.66666666666666
Becho (Ilu Aba Bora),ET040314,NA
Bilo Nopha,ET040315,NA
Hurumu,ET040316,NA
Didu,ET040317,NA
Halu /Huka,ET040319,NA
Metu town,ET040320,424.38461538461536
Dorani,ET040324,NA
Limu Seka,ET040401,NA
Limu Kosa,ET040402,131.22222222222223
Sekoru,ET040403,NA
Tiro Afeta,ET040404,2006.5
Kersa (Jimma),ET040405,0
Mena (Jimma),ET040406,0
Goma,ET040407,NA
Gera,ET040408,NA
Seka Chekorsa,ET040409,108.52173913043478
Dedo,ET040410,NA
Omo Nada,ET040411,NA
Sigmo,ET040412,NA
Setema,ET040413,0.045454545454545456
Shebe Sambo,ET040414,NA
Chora (Jimma),ET040415,NA
Gumay,ET040416,NA
Agaro town,ET040417,195.19354838709677
Jimma town,ET040418,80.07954545454545
Mancho,ET040490,NA
Omo Beyam,ET040491,NA
Botor Tolay,ET040495,NA
Nono Benja,ET040499,NA
Illu Galan,ET040500,1456.8125
Ginde Beret,ET040501,2522.0208333333335
Jeldu,ET040502,NA
Ambo Zuria,ET040503,1891.4468085106382
Mida Kegn,ET040504,1202.6875
Cheliya,ET040505,12.666666666666666
Bako Tibe,ET040506,2070.25
Dano,ET040507,2190.125
Nono,ET040508,1287.4375
Tikur Enchini,ET040509,NA
Dendi,ET040510,2890.4166666666665
Ejere /Addis Alem,ET040511,2049.3125
Holeta town,ET040512,976.4714285714285
Adda Berga,ET040513,2878.9375
Meta Robi,ET040514,NA
Ambo town,ET040515,236.92241379310346
Abuna Ginde Beret,ET040516,2062.8958333333335
Toke Kutaye,ET040517,1967.3333333333333
Jibat,ET040518,916.6666666666666
Ifata,ET040519,1051.25
Welmera,ET040520,NA
Ejersa Lafo,ET040590,NA
Cobi,ET040592,2701.5
Meta Walkite,ET040594,1469.6666666666667
Liban Jawi,ET040597,NA
Wara Jarso,ET040601,NA
Dera (OR),ET040602,42.416666666666664
Hidabu Abote,ET040603,NA
Kuyu,ET040604,NA
Degem,ET040605,NA
Gerar Jarso,ET040606,NA
Debre Libanos,ET040607,NA
Wuchale,ET040608,22.208333333333332
Abichugna Gne'a,ET040609,NA
Kimbibit,ET040610,NA
Sheno town,ET040611,356.6666666666667
Fiche town,ET040613,NA
Yaya Gulele,ET040614,NA
Jida,ET040615,NA
Garba Guracha,ET040616,NA
Aleltu,ET040617,NA
Bereh,ET040619,NA
Sululta (OR),ET040620,NA
Chancho town,ET040621,691.2916666666666
Mulo,ET040622,NA
Sendafa town,ET040623,683.7111111111111
Fentale,ET040701,1225.375
Boset,ET040702,2552.4375
Adama,ET040703,NA
Lome (OR),ET040704,1397.0833333333333
Gimbichu,ET040705,1875.875
Ada'a,ET040706,NA
Dugda,ET040707,2301.402777777778
Adama Tulu Jido Kombolcha,ET040708,2185.3541666666665
Bishoftu town,ET040709,352.6656050955414
Bora (OR),ET040710,862.3333333333334
Liben Chukala,ET040711,NA
Akaki,ET040712,NA
Adama town,ET040714,588.8510638297872
Mojo town,ET040797,441.6056338028169
Batu town,ET040798,182.45833333333334
Metehara town,ET040799,806.625
Merti,ET040801,46.291666666666664
Aseko,ET040802,NA
Golocha,ET040803,NA
Jeju,ET040804,NA
Dodota,ET040805,NA
Ziway Dugda,ET040806,NA
Hitosa,ET040807,NA
Sude,ET040808,NA
Chole,ET040809,NA
Amigna,ET040810,NA
Seru,ET040811,NA
Robe,ET040812,44.333333333333336
Tena,ET040813,NA
Shirka,ET040814,18.25
Degeluna Tijo,ET040815,NA
Tiyo,ET040816,979.75
Munessa,ET040817,30.583333333333332
Limu Bilbilo,ET040818,NA
Guna,ET040819,NA
Sire,ET040820,NA
Lude Hitosa,ET040821,1296.0833333333333
Diksis,ET040822,NA
Bele Gesgar,ET040823,912.9305555555555
Inkolo Wabe,ET040824,NA
Asela town,ET040825,322.3095238095238
Shanan Kolu,ET040893,NA
Bokoji town,ET040894,778.25
Dera town,ET040895,NA
Mieso,ET040901,1558.0625
Doba,ET040902,2760.625
Tulo (OR),ET040903,1671.8333333333333
Mesela /Shen Duggoo,ET040904,3190.3125
Chiro town,ET040905,242.875
Anchar,ET040906,1811.1666666666667
Goba Koricha,ET040907,2289.7291666666665
Habro,ET040908,2198.6388888888887
Daro Lebu,ET040909,2285.75
Boke,ET040910,NA
Kuni /Oda Bultum,ET040911,0
Gemechis,ET040912,3613.3541666666665
Chiro Zuria,ET040913,1833.5625
Bedesa town,ET040914,NA
Hawi Gudina,ET040915,1445.6875
Gumbi Bordede,ET040991,1.7916666666666667
Burqua Dhintu,ET040998,1867.2
Babile town,ET041000,NA
Kombolcha,ET041001,NA
Jarso (East Hararge),ET041002,NA
Gursum (OR),ET041003,NA
Babile (OR),ET041004,290.5416666666667
Fedis,ET041005,NA
Haro Maya,ET041006,NA
Kurfa Chele,ET041007,NA
Kersa (East Hararge),ET041008,NA
Meta,ET041009,NA
Goro Gutu,ET041010,NA
Deder,ET041011,NA
Melka Balo,ET041012,NA
Bedeno,ET041013,NA
Midhaga Tola,ET041014,NA
Chinaksen,ET041015,NA
Girawa,ET041016,3905.1666666666665
Golo Oda,ET041017,NA
Meyu Muleke,ET041018,NA
Maya town,ET041019,NA
Mekanisa Oromo,ET041020,NA
Goro Muti,ET041089,NA
Deder town,ET041097,755.9166666666666
Kumbi,ET041098,NA
Agarfa,ET041104,1927.8125
Gasera,ET041106,1794.8541666666667
Sinana,ET041109,2298.875
Goba (OR),ET041110,NA
Harena Buluk,ET041111,NA
Mena (Bale),ET041112,NA
Berbere,ET041114,1205.75
Gura Damole,ET041115,NA
Goro (Bale),ET041116,1203.5520833333333
Robe town,ET041119,819.1666666666666
Goba town,ET041120,43.75609756097561
Dinsho,ET041122,733.2291666666666
Yabelo,ET041207,NA
Moyale (OR),ET041210,460.6875
Dire,ET041211,NA
Teltale,ET041212,NA
Miyo,ET041216,NA
Dilo,ET041219,NA
Gomole,ET041223,NA
Guchi,ET041290,NA
Dubluk,ET041291,NA
Elwaya,ET041295,NA
Yabelo town,ET041296,643.5833333333334
Ameya,ET041301,7.916666666666667
Wenchi,ET041302,NA
Waliso,ET041303,NA
Dawo,ET041304,NA
Ilu,ET041305,NA
Sebeta Hawas,ET041306,NA
Kersana Malima,ET041307,105.25
Tole,ET041308,26.25
Becho (SW Shewa),ET041309,17
Seden Sodo,ET041310,NA
Woliso town,ET041311,342.90909090909093
Goro (SW Shewa),ET041312,NA
Sodo Daci,ET041314,NA
Uraga,ET041401,NA
Bore,ET041402,NA
Adola,ET041403,NA
Wadera,ET041404,NA
Odo Shakiso,ET041405,NA
Dama,ET041408,NA
Arda Jila,ET041409,NA
Girja /Harenfema,ET041410,NA
Ana Sora,ET041411,NA
Saba Boru,ET041412,NA
Aga Wayu,ET041482,NA
Haro Walabu,ET041490,NA
Adola town,ET041492,205
Shakiso town,ET041499,462.375
Bule Hora,ET041501,NA
Kercha,ET041502,NA
Kercha town,ET041503,45.958333333333336
Hambela Wamena,ET041509,NA
Abaya,ET041513,NA
Dugda Dawa,ET041515,NA
Gelana (West Guji),ET041517,NA
Melka Soda,ET041518,82.04166666666667
Bule Hora town,ET041587,NA
Suro Berguda,ET041594,NA
Birbirsa Kojowa,ET041596,NA
Chora (Buno Bedele),ET041603,NA
Dega,ET041604,NA
Dabo Hana,ET041605,NA
Gechi,ET041606,NA
Borecha,ET041607,NA
Dedesa,ET041608,30.95
Meko,ET041618,NA
Bedele town,ET041621,149.875
Bedele Zuria,ET041622,NA
Chwaka,ET041623,NA
Dodola town,ET041700,11.666666666666666
Siraro,ET041701,2612.7708333333335
Shala,ET041702,NA
Arsi Negele,ET041703,2729.1875
Kofele,ET041704,1786.3125
Kore,ET041705,NA
Gedeb Asasa,ET041706,3492.5416666666665
Dodola,ET041707,NA
Kokosa,ET041708,4.041666666666667
Nenesebo,ET041709,NA
Adaba,ET041710,NA
Shashemene town,ET041711,531.109022556391
Shashemene,ET041712,NA
Kofele town,ET041713,738
Heban Arsi,ET041783,NA
Wondo,ET041797,NA
Arsi Negele town,ET041799,4790.083333333333
Hawa Galan,ET041801,39.291666666666664
Yama Logi Welel,ET041802,NA
Dale Wabera,ET041803,6.875
Gawo Kebe,ET041804,NA
Sayo,ET041805,NA
Denbi Dollo town,ET041806,43.93478260869565
Anfilo,ET041807,NA
Dale Sadi,ET041808,NA
Gidami,ET041809,1.5833333333333333
Jimma Horo,ET041810,NA
Lalo Kile,ET041811,NA
Sedi Chenka,ET041812,NA
Horo,ET041901,NA
Shambu town,ET041902,NA
Guduru,ET041903,NA
Ababo,ET041904,NA
Abay Chomen,ET041905,NA
Jimma Genete,ET041906,NA
Jimma Rare,ET041907,NA
Jarte Jardega,ET041908,NA
Amuru,ET041909,1005.9583333333334
Abe Dongoro,ET041910,718.9791666666666
Choman Guduru,ET041911,NA
Horo Buluk,ET041912,NA
Sulula Finca'a,ET041913,NA
Burayu,ET042001,NA
Eka Tafo,ET042002,NA
Furi,ET042003,NA
Galan,ET042004,NA
Galan Gudo,ET042005,NA
Gefersa Guje,ET042006,NA
Koye,ET042007,NA
Kura Jida,ET042008,NA
Mana Abichu,ET042009,NA
Melka Nonno,ET042010,NA
Sebeta,ET042011,NA
Sululta,ET042012,NA
Gololcha Bale,ET042101,43.458333333333336
Lege Hida,ET042102,NA
Ginir,ET042103,NA
Rayitu,ET042104,NA
Seweyna,ET042105,NA
Dawe Ketchen,ET042106,NA
Ginir town,ET042107,7.708333333333333
Negele town,ET042201,280.75
Liben,ET042202,NA
Meda Welabu,ET042203,NA
West Welabu,ET042204,NA
Gora Dola,ET042205,NA
Gumi Idalo,ET042206,NA
Arero,ET042207,NA
Wachile,ET042208,NA
Dhas,ET042209,NA
Ayisha,ET050101,37.104166666666664
Dembel,ET050102,108.70833333333333
Shinile,ET050103,38.583333333333336
Erer (SM),ET050104,75.47916666666667
Afdem,ET050105,529.1458333333334
Hadhagala,ET050106,91.27083333333333
Miesso,ET050107,NA
Daymeed,ET050108,NA
Dhunyar,ET050109,NA
Gota-Biki,ET050198,53.375
Gablalu,ET050199,NA
Gursum (SM),ET050202,1512.375
Babile (SM),ET050203,NA
Shabeeley,ET050204,52.48936170212766
Aw-Bare,ET050205,NA
Kebribeyah,ET050206,123.60416666666667
Harshin,ET050207,60.395833333333336
Tuliguled,ET050283,NA
Goljano,ET050290,NA
Jigjiga town,ET050293,107.34722222222223
Wajale town,ET050295,NA
Kebribayah town,ET050296,NA
Koran /Mulla,ET050297,NA
Haroreys,ET050298,NA
Harawo,ET050299,NA
Degehamedo,ET050301,19.652173913043477
Degehabur,ET050302,13.791666666666666
Aware,ET050303,123.6875
Gashamo,ET050304,41.263888888888886
Gunagado,ET050305,NA
Bilcil-Bur,ET050306,NA
Degahabur town,ET050307,NA
Yocale,ET050382,NA
Daror,ET050392,16.895833333333332
Burqod,ET050394,NA
Ararso,ET050395,NA
Dig,ET050399,NA
Fik,ET050402,47.7
Salahad,ET050403,NA
Hamero,ET050404,82.95833333333333
Lagahida,ET050407,NA
Meyumuluka,ET050408,2.3125
Qubi,ET050497,NA
Yahob,ET050498,NA
Wangey,ET050499,NA
Shaygosh,ET050501,17.0625
Kebridehar,ET050502,NA
Shilabo,ET050503,17.333333333333332
Debeweyin,ET050504,31.904761904761905
Marsin,ET050586,NA
Kebridehar town,ET050592,NA
Goglo,ET050595,NA
Lasdhankayre,ET050596,NA
Higloley,ET050597,NA
El-Ogaden,ET050598,NA
Bodaley,ET050599,58.604166666666664
East Imi,ET050601,NA
Adadle,ET050602,NA
Danan,ET050603,19.229166666666668
Gode,ET050604,84.41666666666667
Kelafo,ET050605,139.79166666666666
Mustahil,ET050606,35.625
Ferfer,ET050607,NA
Berocano,ET050608,NA
Godey town,ET050696,24.375
Elale,ET050698,NA
Aba-Korow,ET050699,27.604166666666668
Danod,ET050701,99.72916666666667
Bokh,ET050702,NA
Galadi,ET050703,8.0625
Warder,ET050704,24.166666666666668
Daratole,ET050788,NA
Lehel-Yucub,ET050798,NA
Galhamur,ET050799,30.41304347826087
Charati,ET050802,NA
Elkare /Serer,ET050804,16.416666666666668
West Imi,ET050805,17.270833333333332
Hargele,ET050806,41.84722222222222
Barey,ET050807,NA
Dolobay,ET050808,18.166666666666668
Raso,ET050809,NA
Kohle /Qoxle,ET050898,NA
God-God,ET050899,NA
Filtu,ET050901,55.542857142857144
Dolo Ado,ET050902,NA
Goro Baqaqsa,ET050903,22.802083333333332
Guradamole,ET050904,NA
Deka Suftu,ET050991,25.875
Bokolmayo,ET050999,70.47916666666667
Ayun,ET051001,28.229166666666668
Elwayne,ET051002,NA
Garbo,ET051003,NA
Sagag,ET051005,25.38157894736842
Dihun,ET051006,NA
Horshagah,ET051095,NA
Hararey,ET051096,NA
Moyale (SM),ET051103,NA
Hudet,ET051104,NA
Mubarek,ET051187,589.3229166666666
Qada Duma,ET051198,NA
Gilgel Beles town,ET060200,NA
Dangur,ET060201,204.89583333333334
Guba,ET060202,47.291666666666664
Wembera,ET060203,90.85416666666667
Mandura,ET060204,205.125
Dibate,ET060205,303.0208333333333
Pawe,ET060206,404.75
Bulen,ET060207,358.2708333333333
Menge,ET060301,NA
Kurmuk,ET060302,185.58333333333334
Abrahmo,ET060303,NA
Sherkole,ET060304,NA
Bambasi,ET060305,575.6041666666666
Bilidigilu,ET060306,NA
Homosha,ET060307,348.8958333333333
Undulu,ET060308,NA
Assosa town Admin,ET060309,152.28846153846155
Bambasi town,ET060310,NA
Ura,ET060311,215.4375
Kamashi town,ET060400,NA
Zayi,ET060401,NA
Sedal,ET060402,14.090909090909092
Kamashi,ET060403,121.125
Dembe,ET060404,114.6875
Mezniga,ET060405,88.97619047619048
Mao-komo Special,ET060508,44.31297709923664
Kebena Special,ET070001,359.2142857142857
Abeshege,ET070102,NA
Ezha,ET070103,911.6666666666666
Gedebano Gutazer Welene,ET070104,1011.1875
Endiguagn,ET070108,NA
Gumer,ET070109,NA
Cheha,ET070110,NA
Enemor Ener,ET070111,1384.6875
Muhur Na Aklil,ET070112,NA
Geta,ET070113,1549.0833333333333
Welkite town,ET070114,NA
Emdebir town,ET070116,NA
Enor Ener,ET070120,1272.9583333333333
Misha,ET070201,NA
Gombora,ET070202,NA
Lemmo,ET070203,NA
Shashogo,ET070204,2424.1666666666665
Misrak Badawacho,ET070205,NA
Soro,ET070206,NA
Duna,ET070207,NA
Analemmo,ET070208,482.35555555555555
Mirab Badowach,ET070209,NA
Gibe,ET070210,NA
Hosaena town,ET070211,38.13636363636363
Shone town,ET070212,NA
Gimbichu town,ET070213,NA
Jajura town,ET070214,NA
Ameka,ET070215,NA
Siraro Badawacho,ET070216,NA
Mirab Soro,ET070217,NA
Angacha,ET070302,1672.125
Kediada Gambela,ET070303,615.9583333333334
Kacha Bira,ET070304,2524.5416666666665
Hadero Tunto,ET070305,1847.5833333333333
Doyogena,ET070306,962.6041666666666
Damboya,ET070307,1152.5416666666667
Durame town,ET070308,NA
Adilo,ET070309,NA
Shinshincho town,ET070310,NA
Hadero town,ET070312,NA
Butajira town,ET070401,1878.1805555555557
Bui town,ET070402,NA
Sodo,ET070403,1203.6458333333333
Meskan,ET070404,NA
Misrak Meskan,ET070405,NA
Debub Sodo,ET070406,NA
Kulito town,ET071401,151.41666666666666
Wera,ET071402,NA
Atote Ulo,ET071403,NA
Wera Djo,ET071404,NA
Alicho Woriro,ET072001,680.0384615384615
Siltie,ET072002,NA
Lanfero,ET072003,NA
Mierab Azenet Berbere,ET072004,NA
Dalocha,ET072005,NA
Sankura,ET072006,NA
Misrak Azenet Berbere,ET072007,889.4791666666666
Wulbareg,ET072008,NA
Tora town,ET072009,547.3333333333334
Worabe town,ET072010,107.98611111111111
Kibet town,ET072011,534.0833333333334
Mito,ET072012,NA
Misrak Siltie,ET072013,NA
Saja town,ET072401,283.375
Fofa,ET072402,NA
Deri Saja zuria,ET072403,NA
Toba,ET072404,NA
Mareko Special,ET072501,486.1979166666667
Tembaro Special,ET072601,NA
Boloso Sore,ET080101,NA
Damot Gale,ET080102,1222.3125
Damot Woide,ET080103,959.4166666666666
Humbo,ET080104,NA
Sodo Zuria,ET080105,249.15
Kindo Koyesha,ET080106,951.3333333333334
Ofa,ET080107,999.6666666666666
Boloso Bombe,ET080108,3450.0416666666665
Damot Sore,ET080109,509.2708333333333
Kindo Daddaye,ET080110,440.7291666666667
Damot Pullasa,ET080111,963.4166666666666
Duguna Fango,ET080112,1472.6875
Sodo town,ET080113,92.8
Areka town,ET080114,3875.3076923076924
Boditi town,ET080115,NA
Tebela town,ET080116,NA
Gesuba town,ET080117,NA
Gununo Hamus town,ET080118,NA
Hobicha Abaya,ET080119,NA
Kawo Koyesha,ET080120,NA
Abela Abaya,ET080121,1733.25
Bayera Koyesha,ET080122,NA
Bale Awassa town,ET080123,NA
Arba Minch town,ET080201,631
Arba Minch Zuria,ET080202,2636.625
Birbir town,ET080203,NA
Bonke,ET080204,NA
Boreda,ET080205,NA
Chencha town,ET080206,NA
Chencha Zuriya,ET080207,NA
Daramalo,ET080208,NA
Dita,ET080209,NA
Gacho Baba,ET080210,NA
Garda Marta,ET080211,NA
Geressie,ET080212,NA
Geressie town,ET080213,NA
Kemba town,ET080214,NA
Kemba Zuria,ET080215,NA
Kogota /Ezo,ET080216,NA
Kucha,ET080217,NA
Kucha Alpha,ET080218,NA
Mirab Abaya,ET080219,NA
Selamber town,ET080220,NA
Beto town,ET080301,NA
Buleqi town,ET080302,NA
Denba Gofa,ET080303,1765.5833333333333
Gezei Gofa,ET080304,1924.2083333333333
Laha town,ET080305,NA
Melekoza,ET080306,NA
Melo Gada,ET080307,NA
O'yida,ET080308,NA
Sawla town,ET080309,60.5
Uba Debre Tsehay,ET080310,NA
Zala,ET080311,NA
Basketo Special,ET080401,NA
Laska town,ET080402,NA
Baka Dawula,ET080501,NA
Gelila town,ET080504,NA
Jinka town,ET080506,296.0833333333333
North Ari,ET080508,297.9166666666667
South Ari,ET080511,1118.3541666666667
Wub Ari,ET080513,NA
Alle Special,ET080601,525.6875
Derashe,ET080701,NA
Gidole town,ET080702,0
Amaro,ET080801,0
Kele town,ET080802,147.22916666666666
Kena,ET080901,NA
Karat Zuria,ET080902,6.083333333333333
Karat town,ET080903,NA
Segen Zuria,ET080904,NA
Kolme,ET080905,NA
Burji,ET081001,26.555555555555557
Wenago,ET081101,2346.1666666666665
Yirgachefe,ET081102,NA
Kochere,ET081103,NA
Bule,ET081104,NA
Dila Zuria,ET081105,221.51388888888889
Gedeb,ET081106,1070.0208333333333
Rape,ET081107,NA
Churso,ET081108,NA
Dila town,ET081109,2.625
Gedeb town,ET081110,NA
Yirgachefe town,ET081111,NA
Chelelektu town,ET081112,39.291666666666664
Wonago town,ET081113,NA
Bena Tsemay,ET081201,NA
Dasenech /Kuraz,ET081202,579.1666666666666
Hamer,ET081203,327.6041666666667
Malie,ET081204,1171.9791666666667
Nyngatom,ET081205,95.66666666666667
Salamago,ET081206,183.52083333333334
Turmi town,ET081207,NA
Anderacha,ET110101,NA
Masha,ET110102,NA
Yeki,ET110103,360.875
Tepi,ET110104,32.59090909090909
Masha town,ET110105,NA
Saylem,ET110201,1427.1666666666667
Gesha,ET110202,1370.0208333333333
Gewata,ET110203,1826.875
Gimbo,ET110204,1052.7916666666667
Adiyio,ET110205,1583.1041666666667
Tullo,ET110206,2268.7916666666665
Cheta,ET110207,1191.9583333333333
Decha,ET110208,NA
Chena,ET110209,NA
Bita,ET110210,1150.0277777777778
Bonga town,ET110211,62.916666666666664
Goba (SW),ET110212,1955.125
Shisho Ande,ET110213,NA
Wacha town,ET110214,NA
Deka town,ET110215,NA
Awurada town,ET110216,NA
Shishinda town,ET110217,1216.7916666666667
Sheko,ET110301,NA
Gurafereda,ET110302,219.60416666666666
Debub Bench,ET110303,1392.4583333333333
Shay Bench,ET110304,2318.8333333333335
Semen Bench,ET110305,758.3333333333334
Gidi Bench,ET110306,NA
Mizan Aman town,ET110307,160.875
Size town,ET110308,NA
Biftu town,ET110309,NA
Sheko town,ET110310,NA
Tocha,ET110401,836.1666666666666
Mareka,ET110402,509.5625
Loma,ET110403,NA
Gena,ET110404,NA
Esara,ET110405,1126.5
Kachi,ET110406,NA
Tercha Zuriya,ET110407,NA
Mari Mansa,ET110408,NA
Disa,ET110409,970.2708333333334
Zabagazo,ET110410,699.3703703703703
Tercha town,ET110411,8.5
Gesa town,ET110412,NA
Gachit,ET110501,NA
Menit Goldiye,ET110502,NA
Gori Gesha,ET110503,499.2083333333333
Menit Shasha,ET110504,NA
Bero,ET110505,50.083333333333336
Surma,ET110506,7.791666666666667
Maji,ET110507,142.72916666666666
Bachuma town,ET110509,206.79166666666666
Jemu town,ET110510,NA
Maji Tum town,ET110511,NA
Konta Koysha,ET110601,NA
Chida town,ET110602,NA
Amaya town,ET110603,NA
Elahanchano,ET110604,NA
Ameya Zuria,ET110605,NA
Akobo,ET120101,26.97826086956522
Lare,ET120102,8.354166666666666
Jikawo,ET120103,1.4787234042553192
Wantawo,ET120104,3.8541666666666665
Makuey,ET120105,NA
Gambela National Park,ET120200,NA
Abobo,ET120201,88.08333333333333
Gambela Zuria,ET120202,1.25
Gog,ET120203,15.528571428571428
Jore,ET120204,24.416666666666668
Dima (GM),ET120205,51.166666666666664
Gambela town,ET120206,106.89583333333333
Godere,ET120301,NA
Mengesh,ET120308,109.95
Itang,ET120407,24.430379746835442
Sofi,ET130101,438.5833333333333
Shenkor,ET130102,392.2916666666667
Jinela,ET130103,NA
Hakim,ET130104,NA
Erer (HR),ET130105,NA
Dire Teyara,ET130106,NA
Amir Nur,ET130107,NA
Aboker,ET130108,NA
Abadir,ET130109,606.2291666666666
Akaki Kality Sub City,ET140101,258.60833333333335
Nifas Silk Lafto Sub City,ET140102,267.35470085470087
Kolfe Keraniyo Sub City,ET140103,321.6666666666667
Bole Sub City,ET140104,163.62878787878788
Lideta Sub City,ET140105,127.7156862745098
Kirkos Sub City,ET140106,171.828125
Yeka Sub City,ET140107,287.9074074074074
Addis Ketema Sub City,ET140108,306.07531380753136
Arada Sub City,ET140109,142.5601851851852
Gulele Sub City,ET140110,162.9260700389105
Lemi Kura Sub City,ET140111,451.95454545454544
Sabian,ET150103,NA
Malka Jabti /M.Jebdu,ET150104,206.33333333333334
Legehare,ET150105,371.5833333333333
Addis Ketema (DD),ET150109,508.2708333333333
Gende Kore,ET150110,NA
Dechatu,ET150111,338.0833333333333
Hafat Issa,ET150112,544.9583333333334
Kazira,ET150113,NA
Police Maret,ET150114,NA
Aseliso,ET150201,NA
Jeldessa,ET150206,84.33333333333333
Wahil,ET150207,170.23611111111111
Biyoawale,ET150208,172.27083333333334
Hawassa town,ET160101,4661.833333333333
Wondo-Genet town,ET160201,NA
Wondo-Genet,ET160202,456.75
Malga,ET160203,1961.3125
Gorche,ET160204,1321.5416666666667
Hawela,ET160205,NA
Leku town,ET160206,1592.360465116279
Shebe Dino,ET160207,NA
Boricha,ET160208,NA
Bilate Zuria,ET160209,1643.6041666666667
Hawassa Zuria,ET160210,2010.9166666666667
Arbegona,ET160301,1832.6458333333333
Shafamo,ET160302,NA
Wonosho,ET160303,1592.8125
Yirgalem town,ET160304,1836.8709677419354
Dale,ET160305,NA
Darara,ET160306,NA
Loka Abaya,ET160307,1399.7708333333333
Bursa,ET160401,1422.5208333333333
Teticha,ET160402,NA
Aleta Wendo,ET160403,2586.1666666666665
Aleta Wondo town,ET160404,1836.75
Aleta Chuko,ET160405,2220.0416666666665
Chuko town,ET160406,NA
Dara,ET160407,1610.2083333333333
Dara Otilicho,ET160408,NA
Hulla,ET160409,1335.75
Chirone,ET160410,NA
Bura,ET160501,NA
Bona Zuria,ET160502,1241.0694444444443
Bensa,ET160503,1258.486111111111
Daye town,ET160504,NA
Daella,ET160505,972.3333333333334
Chire,ET160506,NA
Aroresa,ET160507,1254.0208333333333
Hokko,ET160508,NA
Chabe Gambeltu,ET160509,NA
Setit Humera town,ET990101,NA
Korarit,ET990102,NA
Kafta Humera,ET990103,NA
Welkait,ET990104,NA
Tsegede,ET990105,NA
May Kadra,ET990106,NA
Dansha town,ET990107,NA
Awra,ET990108,NA
May Gaba,ET990109,NA
Tselemti /West Telemt,ET990201,NA
Laelay Tselemti,ET990202,NA
May Tsebri town,ET990203,NA
Raya Alamata,ET990301,117.75
Ofla,ET990302,281.8958333333333
Korem town,ET990303,0
Alamata town,ET990304,NA
Zata,ET990305,NA
Chercher,ET990306,192.85416666666666
