adm1_name,adm1_pcode,gregorian_year,total_value
Tigray,ET01,2018,35407.291666666664
Tigray,ET01,2019,36073.4375
Tigray,ET01,2020,33641.07894736842
Tigray,ET01,2021,NA
Tigray,ET01,2022,1
Tigray,ET01,2023,547.5416666666666
Tigray,ET01,2024,11503.6875
Tigray,ET01,2025,18074.291666666668
Afar,ET02,2018,614.3863636363636
Afar,ET02,2019,551.375
Afar,ET02,2020,746.9583333333334
Afar,ET02,2021,620
Afar,ET02,2022,915.8333333333334
Afar,ET02,2023,799.875
Afar,ET02,2024,1356.7708333333333
Afar,ET02,2025,2705.125
Amhara,ET03,2018,103031.5625
Amhara,ET03,2019,113318.125
Amhara,ET03,2020,121991.4375
Amhara,ET03,2021,119616.9375
Amhara,ET03,2022,148669.64583333334
Amhara,ET03,2023,156500.79166666666
Amhara,ET03,2024,168513.72916666666
Amhara,ET03,2025,250428.375
Oromia,ET04,2018,146301.3125
Oromia,ET04,2019,196785.125
Oromia,ET04,2020,250717.47916666666
Oromia,ET04,2021,307443.9375
Oromia,ET04,2022,341670.9791666667
Oromia,ET04,2023,398502.9791666667
Oromia,ET04,2024,434738.1458333333
Oromia,ET04,2025,484864.2708333333
Somali,ET05,2018,697.0208333333334
Somali,ET05,2019,1205.5625
Somali,ET05,2020,1367.4166666666667
Somali,ET05,2021,1420.375
Somali,ET05,2022,1633.2916666666667
Somali,ET05,2023,1523.5
Somali,ET05,2024,1940.4583333333333
Somali,ET05,2025,5738.895833333333
Benishangul-Gumuz,ET06,2018,3857.1666666666665
Benishangul-Gumuz,ET06,2019,4132.791666666667
Benishangul-Gumuz,ET06,2020,4275.625
Benishangul-Gumuz,ET06,2021,3740.1458333333335
Benishangul-Gumuz,ET06,2022,3781.125
Benishangul-Gumuz,ET06,2023,4172.541666666667
Benishangul-Gumuz,ET06,2024,5242.916666666667
Benishangul-Gumuz,ET06,2025,7454.375
Central Ethiopia,ET07,2018,34661.4375
Central Ethiopia,ET07,2019,33585.854166666664
Central Ethiopia,ET07,2020,34314.604166666664
Central Ethiopia,ET07,2021,37801.104166666664
Central Ethiopia,ET07,2022,45896.666666666664
Central Ethiopia,ET07,2023,52780.770833333336
Central Ethiopia,ET07,2024,57350.729166666664
Central Ethiopia,ET07,2025,68450.54166666667
South Ethiopia,ET08,2018,40275.833333333336
South Ethiopia,ET08,2019,39828.125
South Ethiopia,ET08,2020,43519.3125
South Ethiopia,ET08,2021,47575
South Ethiopia,ET08,2022,51458.520833333336
South Ethiopia,ET08,2023,57662.645833333336
South Ethiopia,ET08,2024,62093.708333333336
South Ethiopia,ET08,2025,64974.8125
South West Ethiopia,ET11,2018,13644.333333333334
South West Ethiopia,ET11,2019,13716.75
South West Ethiopia,ET11,2020,14690.125
South West Ethiopia,ET11,2021,16036.6875
South West Ethiopia,ET11,2022,17798.25
South West Ethiopia,ET11,2023,19577.541666666668
South West Ethiopia,ET11,2024,20957.583333333332
South West Ethiopia,ET11,2025,29148.9375
Gambela,ET12,2018,173.9
Gambela,ET12,2019,205.52083333333334
Gambela,ET12,2020,215.8125
Gambela,ET12,2021,197.14583333333334
Gambela,ET12,2022,277.125
Gambela,ET12,2023,363.0208333333333
Gambela,ET12,2024,513.7916666666666
Gambela,ET12,2025,657.1458333333334
Harari,ET13,2018,799.8214285714286
Harari,ET13,2019,775.8333333333334
Harari,ET13,2020,946.9166666666666
Harari,ET13,2021,1883.2916666666667
Harari,ET13,2022,2123.3958333333335
Harari,ET13,2023,1919.4583333333333
Harari,ET13,2024,2811.5208333333335
Harari,ET13,2025,2923.7708333333335
Addis Ababa,ET14,2018,12885.25
Addis Ababa,ET14,2019,17280.041666666668
Addis Ababa,ET14,2020,11696.5
Addis Ababa,ET14,2021,16153.916666666666
Addis Ababa,ET14,2022,21328.75
Addis Ababa,ET14,2023,22566.083333333332
Addis Ababa,ET14,2024,22814.916666666668
Addis Ababa,ET14,2025,26211.083333333332
Dire Dawa,ET15,2018,446.5208333333333
Dire Dawa,ET15,2019,508.75
Dire Dawa,ET15,2020,611.4791666666666
Dire Dawa,ET15,2021,925.5833333333334
Dire Dawa,ET15,2022,1140.6875
Dire Dawa,ET15,2023,1187.9583333333333
Dire Dawa,ET15,2024,1696.875
Dire Dawa,ET15,2025,3116.2708333333335
Sidama,ET16,2018,23037.520833333332
Sidama,ET16,2019,24246.833333333332
Sidama,ET16,2020,26140.541666666668
Sidama,ET16,2021,33250.854166666664
Sidama,ET16,2022,35372.166666666664
Sidama,ET16,2023,37865.25
Sidama,ET16,2024,45702.729166666664
Sidama,ET16,2025,53636.729166666664
Contested,ET99,2018,NA
Contested,ET99,2019,NA
Contested,ET99,2020,NA
Contested,ET99,2021,NA
Contested,ET99,2022,NA
Contested,ET99,2023,NA
Contested,ET99,2024,NA
Contested,ET99,2025,NA
