adm2_name,adm2_pcode,total_value
North Western,ET0101,265.4519230769231
Central,ET0102,231.29206730769232
Eastern,ET0103,313.0206611570248
Southern,ET0104,NA
South Eastern,ET0106,226.4813559322034
Mekelle,ET0107,592.7977528089888
Awsi /Zone 1,ET0201,110.13657407407408
Kilbati /Zone 2,ET0202,79.92178770949721
Gabi /Zone 3,ET0203,48.57051282051282
Fanti /Zone 4,ET0204,87.38888888888889
Hari /Zone 5,ET0205,52.125
Mahi /Zone 6,ET0206,32.041666666666664
North Gondar,ET0301,842.4965986394558
South Gondar,ET0302,1545.3226703755215
North Wello,ET0303,1326.248106060606
South Wello,ET0304,587.1045364891519
North Shewa (AM),ET0305,520.2487373737374
East Gojam,ET0306,1292.4591836734694
West Gojam,ET0307,1365.737574552684
Wag Hamra,ET0308,1087.371212121212
Awi,ET0309,956.3655303030303
Oromo Nationality Administration,ET0310,625.4114583333334
Central Gondar,ET0311,789.3893528183717
West Gondar,ET0312,714.984375
North Gojam,ET0313,1778.376306620209
Bahir Dar town Admin,ET0314,648.8687150837989
West Wellega,ET0401,432.8779761904762
East Wellega,ET0402,330.48214285714283
Ilu Aba Bora,ET0403,409.01604278074865
Jimma,ET0404,331.1650246305419
West Shewa,ET0405,1600.2753326509724
North Shewa (OR),ET0406,437.14285714285717
East Shewa,ET0407,902.537342386033
Arsi,ET0408,540.5977011494252
West Hararge,ET0409,1960.8796296296296
East Hararge,ET0410,2214.1979166666665
Bale,ET0411,1267.6705882352942
Borena,ET0412,497.26666666666665
South West Shewa,ET0413,95.7457627118644
Guji,ET0414,333.6875
West Guji,ET0415,64
Buno Bedele,ET0416,95.81818181818181
West Arsi,ET0417,1385.6272084805653
Kelem Wellega,ET0418,26.838983050847457
Horo Gudru Wellega,ET0419,862.46875
Shager City,ET0420,NA
East Bale,ET0421,25.583333333333332
East Borena,ET0422,280.75
Siti,ET0501,125.21875
Fafan,ET0502,528.0257234726688
Jarar,ET0503,43.07251908396947
Erer,ET0504,45.33980582524272
Korahe,ET0505,28.358974358974358
Shabelle,ET0506,52.515151515151516
Doolo,ET0507,40.7
Afder,ET0508,25.47222222222222
Liban,ET0509,40.847328244274806
Nogob,ET0510,26.483870967741936
Daawa,ET0511,589.3229166666666
Metekel,ET0602,242.2111111111111
Assosa,ET0603,304.95454545454544
Kamashi,ET0604,86.13186813186813
Mao-komo Special,ET0605,44.31297709923664
Kebena Special,ET0700,359.2142857142857
Guraghe,ET0701,1225.9166666666667
Hadiya,ET0702,685.8397790055249
Kembata,ET0703,1212.2416666666666
East Guraghe,ET0704,1608.3666666666666
Halaba,ET0714,151.41666666666666
Siltie,ET0720,560.3870967741935
Yem,ET0724,283.375
Mareko Special,ET0725,486.1979166666667
Tembaro Special,ET0726,NA
Wolayita,ET0801,834.6477572559367
Gamo,ET0802,1328.608695652174
Gofa,ET0803,1250.0972222222222
Basketo,ET0804,NA
Ari,ET0805,625.725
Alle Special,ET0806,525.6875
Derashe,ET0807,0
Kore,ET0808,98.15277777777777
Konso,ET0809,6.083333333333333
Burji,ET0810,26.555555555555557
Gedeo,ET0811,677.1902173913044
South Omo,ET0812,471.5875
Sheka,ET1101,257.7
Kefa,ET1102,1303.9208333333333
Bench Sheko,ET1103,1059.9259259259259
Dawuro,ET1104,709.4901960784314
West Omo,ET1105,157.0595238095238
Konta,ET1106,NA
Nuwer,ET1201,8.330508474576272
Agnewak,ET1202,47.37062937062937
Majang,ET1203,109.95
Itang Special,ET1204,24.430379746835442
Harari,ET1301,542.6319444444445
Region 14,ET1401,254.92246240601503
Dire Dawa urban,ET1501,377.7395833333333
Dire Dawa rural,ET1502,160.515625
Hawassa town Admin,ET1601,4661.833333333333
Northern,ET1602,1592.3807947019868
Central,ET1603,1714.115671641791
Southern,ET1604,1835.1022727272727
Eastern,ET1605,1195.1375
Area 1,ET9901,NA
Area 2,ET9902,NA
Area 3,ET9903,179.59285714285716
