adm1_name,adm1_pcode,greg_year,scenario2_pct
Tigray,ET01,2018,28.80203596304375
Tigray,ET01,2019,29.426470482982094
Tigray,ET01,2020,25.783191889613295
Tigray,ET01,2021,NA
Tigray,ET01,2022,3.988180333637887e-4
Tigray,ET01,2023,0.4336356229304095
Tigray,ET01,2024,9.035879004919835
Tigray,ET01,2025,14.155408216309647
Afar,ET02,2018,1.4092151486991658
Afar,ET02,2019,1.2677592569798468
Afar,ET02,2020,1.6975844156269002
Afar,ET02,2021,1.3995438987167383
Afar,ET02,2022,2.0522501016674797
Afar,ET02,2023,1.7804814741202748
Afar,ET02,2024,3.036256880098783
Afar,ET02,2025,5.3929416210336205
Amhara,ET03,2018,20.43059700024039
Amhara,ET03,2019,22.613283204014632
Amhara,ET03,2020,24.24173529893138
Amhara,ET03,2021,23.7756217273806
Amhara,ET03,2022,29.533205670669105
Amhara,ET03,2023,31.16832745584741
Amhara,ET03,2024,33.60679488336664
Amhara,ET03,2025,49.93140712248248
Oromia,ET04,2018,16.999610254080604
Oromia,ET04,2019,22.922615043701686
Oromia,ET04,2020,28.854348757909403
Oromia,ET04,2021,35.149906051357426
Oromia,ET04,2022,38.77743413763407
Oromia,ET04,2023,44.405968408626606
Oromia,ET04,2024,48.06186513518635
Oromia,ET04,2025,53.28533265439721
Somali,ET05,2018,0.4908455475194077
Somali,ET05,2019,0.8510483049870781
Somali,ET05,2020,0.9532787638729187
Somali,ET05,2021,0.9835886416416322
Somali,ET05,2022,1.1227523098711123
Somali,ET05,2023,1.0479402671205702
Somali,ET05,2024,1.3343486359671581
Somali,ET05,2025,3.9154649458151782
Benishangul-Gumuz,ET06,2018,14.927856648615577
Benishangul-Gumuz,ET06,2019,16.037191511792145
Benishangul-Gumuz,ET06,2020,16.35989662068535
Benishangul-Gumuz,ET06,2021,14.21510192911501
Benishangul-Gumuz,ET06,2022,14.265167669631856
Benishangul-Gumuz,ET06,2023,15.552547521619795
Benishangul-Gumuz,ET06,2024,19.28497052955728
Benishangul-Gumuz,ET06,2025,27.095489881166813
Central Ethiopia,ET07,2018,26.97287512010674
Central Ethiopia,ET07,2019,26.210716309092994
Central Ethiopia,ET07,2020,26.481593377156347
Central Ethiopia,ET07,2021,28.883341830960102
Central Ethiopia,ET07,2022,34.716374446684114
Central Ethiopia,ET07,2023,38.64044701056341
Central Ethiopia,ET07,2024,41.09067827385021
Central Ethiopia,ET07,2025,49.256228015704515
South Ethiopia,ET08,2018,27.176182869926997
South Ethiopia,ET08,2019,26.950178421763564
South Ethiopia,ET08,2020,29.119434089147443
South Ethiopia,ET08,2021,31.608311268942785
South Ethiopia,ET08,2022,33.93922285502228
South Ethiopia,ET08,2023,36.478676841649275
South Ethiopia,ET08,2024,37.617917004689424
South Ethiopia,ET08,2025,38.98799123569355
South West Ethiopia,ET11,2018,19.289295319720644
South West Ethiopia,ET11,2019,19.446558785744365
South West Ethiopia,ET11,2020,20.594256595435755
South West Ethiopia,ET11,2021,22.323250512472857
South West Ethiopia,ET11,2022,24.59474300858629
South West Ethiopia,ET11,2023,26.86923855414204
South West Ethiopia,ET11,2024,28.448054835893227
South West Ethiopia,ET11,2025,39.19029831544003
Gambela,ET12,2018,1.5700677018470233
Gambela,ET12,2019,1.8599603320197031
Gambela,ET12,2020,1.9218531668537653
Gambela,ET12,2021,1.7450786697395562
Gambela,ET12,2022,2.434864579907212
Gambela,ET12,2023,3.142470626750137
Gambela,ET12,2024,4.379646969439586
Gambela,ET12,2025,5.516119760360664
Harari,ET13,2018,11.803862375229674
Harari,ET13,2019,13.12032167724427
Harari,ET13,2020,15.82047999940025
Harari,ET13,2021,31.258663103100236
Harari,ET13,2022,34.98591719261821
Harari,ET13,2023,31.357204009638227
Harari,ET13,2024,45.495412472568255
Harari,ET13,2025,46.9299817236613
Addis Ababa,ET14,2018,7.803439343747526
Addis Ababa,ET14,2019,10.490787668570306
Addis Ababa,ET14,2020,7.018361204581181
Addis Ababa,ET14,2021,9.624846887644987
Addis Ababa,ET14,2022,12.609994828986038
Addis Ababa,ET14,2023,13.24661724586992
Addis Ababa,ET14,2024,13.32499010746801
Addis Ababa,ET14,2025,15.20912592736968
Dire Dawa,ET15,2018,3.8827739716570426
Dire Dawa,ET15,2019,4.435598954815894
Dire Dawa,ET15,2020,5.2571424683319625
Dire Dawa,ET15,2021,7.9087067809686715
Dire Dawa,ET15,2022,9.67488505218034
Dire Dawa,ET15,2023,9.944279885093142
Dire Dawa,ET15,2024,14.001952241591853
Dire Dawa,ET15,2025,25.382840069621267
Sidama,ET16,2018,23.604082174092746
Sidama,ET16,2019,24.91345065689851
Sidama,ET16,2020,26.559648929840108
Sidama,ET16,2021,33.54531709782671
Sidama,ET16,2022,35.42523146223558
Sidama,ET16,2023,37.66381305263216
Sidama,ET16,2024,44.961359976869396
Sidama,ET16,2025,52.24005607443565
Contested,ET99,2018,NA
Contested,ET99,2019,NA
Contested,ET99,2020,NA
Contested,ET99,2021,NA
Contested,ET99,2022,NA
Contested,ET99,2023,NA
Contested,ET99,2024,NA
Contested,ET99,2025,NA
