adm1_name,adm1_pcode,scenario2_pct
Tigray,ET01,14.155408216309647
Afar,ET02,5.3929416210336205
Amhara,ET03,49.93140712248248
Oromia,ET04,53.28533265439721
Somali,ET05,3.9154649458151782
Benishangul-Gumuz,ET06,27.095489881166813
Central Ethiopia,ET07,49.256228015704515
South Ethiopia,ET08,38.98799123569355
South West Ethiopia,ET11,39.19029831544003
Gambela,ET12,5.516119760360664
Harari,ET13,46.9299817236613
Addis Ababa,ET14,15.20912592736968
Dire Dawa,ET15,25.382840069621267
Sidama,ET16,52.24005607443565
Contested,ET99,NA
