greg_year,urban_rural,series,value
2018,Rural,Share of children weighed,82.3
2018,Urban,Share of children weighed,17.7
2019,Rural,Share of children weighed,81.6
2019,Urban,Share of children weighed,18.4
2020,Rural,Share of children weighed,82.4
2020,Urban,Share of children weighed,17.6
2021,Rural,Share of children weighed,80.7
2021,Urban,Share of children weighed,19.3
2022,Rural,Share of children weighed,80
2022,Urban,Share of children weighed,20
2023,Rural,Share of children weighed,79.2
2023,Urban,Share of children weighed,20.8
2024,Rural,Share of children weighed,75.4
2024,Urban,Share of children weighed,24.6
2025,Rural,Share of children weighed,73
2025,Urban,Share of children weighed,27
2018,Urban,World Bank population share,20.8
2018,Rural,World Bank population share,79.2
2019,Urban,World Bank population share,21.2
2019,Rural,World Bank population share,78.8
2020,Urban,World Bank population share,21.6
2020,Rural,World Bank population share,78.4
2021,Urban,World Bank population share,22.1
2021,Rural,World Bank population share,77.9
2022,Urban,World Bank population share,22.7
2022,Rural,World Bank population share,77.3
2023,Urban,World Bank population share,23.1
2023,Rural,World Bank population share,76.9
2024,Urban,World Bank population share,23.6
2024,Rural,World Bank population share,76.4
2025,Urban,World Bank population share,24.2
2025,Rural,World Bank population share,75.8
