greg_year,scenario,under2_est
2018,1: DHIS2 indicator,NA
2018,2: WBP total,9021594.568206001
2018,3: WBP urban/rural,7945750.447504
2018,4: IDB,9441109
2019,1: DHIS2 indicator,NA
2019,2: WBP total,8990674.2770388
2019,3: WBP urban/rural,7917529.8295869995
2019,4: IDB,9549367
2020,1: DHIS2 indicator,NA
2020,2: WBP total,9082503.8557315
2020,3: WBP urban/rural,7996240.192341333
2020,4: IDB,9647110
2021,1: DHIS2 indicator,NA
2021,2: WBP total,9131322.3361725
2021,3: WBP urban/rural,8037645.432625
2021,4: IDB,9728611
2022,1: DHIS2 indicator,NA
2022,2: WBP total,9185331.262625
2022,3: WBP urban/rural,8083483.1536875
2022,4: IDB,9816531
2023,1: DHIS2 indicator,NA
2023,2: WBP total,9303140.217382599
2023,3: WBP urban/rural,8187749.0499688005
2023,4: IDB,9921689
2024,1: DHIS2 indicator,5795298.976608187
2024,2: WBP total,9384666.460137365
2024,3: WBP urban/rural,8258421.9221272655
2024,4: IDB,10023902
2025,1: DHIS2 indicator,6302908.699059561
2025,2: WBP total,9450693.5585398
2025,3: WBP urban/rural,8320095.995884001
2025,4: IDB,10116166
